,image_path,label
0,/train_images_rembg/1.jpg,1
1,/train_images_rembg/2.jpg,1
2,/train_images_rembg/3.jpg,1
3,/train_images_rembg/4.jpg,1
4,/train_images_rembg/5.jpg,1
5,/train_images_rembg/6.jpg,1
6,/train_images_rembg/7.jpg,1
7,/train_images_rembg/8.jpg,1
8,/train_images_rembg/9.jpg,1
9,/train_images_rembg/10.jpg,1
10,/train_images_rembg/11.jpg,1
11,/train_images_rembg/12.jpg,1
12,/train_images_rembg/13.jpg,1
13,/train_images_rembg/14.jpg,1
14,/train_images_rembg/15.jpg,1
15,/train_images_rembg/16.jpg,1
16,/train_images_rembg/17.jpg,1
17,/train_images_rembg/18.jpg,1
18,/train_images_rembg/19.jpg,1
19,/train_images_rembg/20.jpg,1
20,/train_images_rembg/21.jpg,1
21,/train_images_rembg/22.jpg,1
22,/train_images_rembg/23.jpg,1
23,/train_images_rembg/24.jpg,1
24,/train_images_rembg/25.jpg,1
25,/train_images_rembg/26.jpg,1
26,/train_images_rembg/27.jpg,1
27,/train_images_rembg/28.jpg,1
28,/train_images_rembg/29.jpg,1
29,/train_images_rembg/30.jpg,1
30,/train_images_rembg/31.jpg,1
31,/train_images_rembg/32.jpg,1
32,/train_images_rembg/33.jpg,1
33,/train_images_rembg/34.jpg,1
34,/train_images_rembg/35.jpg,1
35,/train_images_rembg/36.jpg,2
36,/train_images_rembg/37.jpg,2
37,/train_images_rembg/38.jpg,2
38,/train_images_rembg/39.jpg,2
39,/train_images_rembg/40.jpg,2
40,/train_images_rembg/41.jpg,2
41,/train_images_rembg/42.jpg,2
42,/train_images_rembg/43.jpg,2
43,/train_images_rembg/44.jpg,2
44,/train_images_rembg/45.jpg,2
45,/train_images_rembg/46.jpg,2
46,/train_images_rembg/47.jpg,2
47,/train_images_rembg/48.jpg,2
48,/train_images_rembg/49.jpg,2
49,/train_images_rembg/50.jpg,2
50,/train_images_rembg/51.jpg,2
51,/train_images_rembg/52.jpg,2
52,/train_images_rembg/53.jpg,2
53,/train_images_rembg/54.jpg,2
54,/train_images_rembg/55.jpg,2
55,/train_images_rembg/56.jpg,2
56,/train_images_rembg/57.jpg,2
57,/train_images_rembg/58.jpg,2
58,/train_images_rembg/59.jpg,2
59,/train_images_rembg/60.jpg,2
60,/train_images_rembg/61.jpg,2
61,/train_images_rembg/62.jpg,2
62,/train_images_rembg/63.jpg,2
63,/train_images_rembg/64.jpg,2
64,/train_images_rembg/65.jpg,2
65,/train_images_rembg/66.jpg,2
66,/train_images_rembg/67.jpg,2
67,/train_images_rembg/68.jpg,2
68,/train_images_rembg/69.jpg,2
69,/train_images_rembg/70.jpg,2
70,/train_images_rembg/71.jpg,3
71,/train_images_rembg/72.jpg,3
72,/train_images_rembg/73.jpg,3
73,/train_images_rembg/74.jpg,3
74,/train_images_rembg/75.jpg,3
75,/train_images_rembg/76.jpg,3
76,/train_images_rembg/77.jpg,3
77,/train_images_rembg/78.jpg,3
78,/train_images_rembg/79.jpg,3
79,/train_images_rembg/80.jpg,3
80,/train_images_rembg/81.jpg,3
81,/train_images_rembg/82.jpg,3
82,/train_images_rembg/83.jpg,3
83,/train_images_rembg/84.jpg,3
84,/train_images_rembg/85.jpg,3
85,/train_images_rembg/86.jpg,3
86,/train_images_rembg/87.jpg,3
87,/train_images_rembg/88.jpg,3
88,/train_images_rembg/89.jpg,3
89,/train_images_rembg/90.jpg,3
90,/train_images_rembg/91.jpg,3
91,/train_images_rembg/92.jpg,3
92,/train_images_rembg/93.jpg,3
93,/train_images_rembg/94.jpg,3
94,/train_images_rembg/95.jpg,3
95,/train_images_rembg/96.jpg,3
96,/train_images_rembg/97.jpg,3
97,/train_images_rembg/98.jpg,3
98,/train_images_rembg/99.jpg,3
99,/train_images_rembg/100.jpg,3
100,/train_images_rembg/101.jpg,3
101,/train_images_rembg/102.jpg,3
102,/train_images_rembg/103.jpg,3
103,/train_images_rembg/104.jpg,4
104,/train_images_rembg/105.jpg,4
105,/train_images_rembg/106.jpg,4
106,/train_images_rembg/107.jpg,4
107,/train_images_rembg/108.jpg,4
108,/train_images_rembg/109.jpg,4
109,/train_images_rembg/110.jpg,4
110,/train_images_rembg/111.jpg,4
111,/train_images_rembg/112.jpg,4
112,/train_images_rembg/113.jpg,4
113,/train_images_rembg/114.jpg,4
114,/train_images_rembg/115.jpg,4
115,/train_images_rembg/116.jpg,4
116,/train_images_rembg/117.jpg,4
117,/train_images_rembg/118.jpg,4
118,/train_images_rembg/119.jpg,4
119,/train_images_rembg/120.jpg,4
120,/train_images_rembg/121.jpg,4
121,/train_images_rembg/122.jpg,4
122,/train_images_rembg/123.jpg,4
123,/train_images_rembg/124.jpg,4
124,/train_images_rembg/125.jpg,4
125,/train_images_rembg/126.jpg,4
126,/train_images_rembg/127.jpg,4
127,/train_images_rembg/128.jpg,4
128,/train_images_rembg/129.jpg,4
129,/train_images_rembg/130.jpg,4
130,/train_images_rembg/131.jpg,4
131,/train_images_rembg/132.jpg,4
132,/train_images_rembg/133.jpg,4
133,/train_images_rembg/134.jpg,4
134,/train_images_rembg/135.jpg,4
135,/train_images_rembg/136.jpg,4
136,/train_images_rembg/137.jpg,4
137,/train_images_rembg/138.jpg,4
138,/train_images_rembg/139.jpg,5
139,/train_images_rembg/140.jpg,5
140,/train_images_rembg/141.jpg,5
141,/train_images_rembg/142.jpg,5
142,/train_images_rembg/143.jpg,5
143,/train_images_rembg/144.jpg,5
144,/train_images_rembg/145.jpg,5
145,/train_images_rembg/146.jpg,5
146,/train_images_rembg/147.jpg,5
147,/train_images_rembg/148.jpg,5
148,/train_images_rembg/149.jpg,5
149,/train_images_rembg/150.jpg,5
150,/train_images_rembg/151.jpg,5
151,/train_images_rembg/152.jpg,5
152,/train_images_rembg/153.jpg,5
153,/train_images_rembg/154.jpg,5
154,/train_images_rembg/155.jpg,5
155,/train_images_rembg/156.jpg,5
156,/train_images_rembg/157.jpg,5
157,/train_images_rembg/158.jpg,6
158,/train_images_rembg/159.jpg,6
159,/train_images_rembg/160.jpg,6
160,/train_images_rembg/161.jpg,6
161,/train_images_rembg/162.jpg,6
162,/train_images_rembg/163.jpg,6
163,/train_images_rembg/164.jpg,6
164,/train_images_rembg/165.jpg,6
165,/train_images_rembg/166.jpg,6
166,/train_images_rembg/167.jpg,6
167,/train_images_rembg/168.jpg,6
168,/train_images_rembg/169.jpg,6
169,/train_images_rembg/170.jpg,6
170,/train_images_rembg/171.jpg,6
171,/train_images_rembg/172.jpg,6
172,/train_images_rembg/173.jpg,6
173,/train_images_rembg/174.jpg,7
174,/train_images_rembg/175.jpg,7
175,/train_images_rembg/176.jpg,7
176,/train_images_rembg/177.jpg,7
177,/train_images_rembg/178.jpg,7
178,/train_images_rembg/179.jpg,7
179,/train_images_rembg/180.jpg,7
180,/train_images_rembg/181.jpg,7
181,/train_images_rembg/182.jpg,7
182,/train_images_rembg/183.jpg,7
183,/train_images_rembg/184.jpg,7
184,/train_images_rembg/185.jpg,7
185,/train_images_rembg/186.jpg,7
186,/train_images_rembg/187.jpg,7
187,/train_images_rembg/188.jpg,7
188,/train_images_rembg/189.jpg,7
189,/train_images_rembg/190.jpg,7
190,/train_images_rembg/191.jpg,7
191,/train_images_rembg/192.jpg,7
192,/train_images_rembg/193.jpg,7
193,/train_images_rembg/194.jpg,7
194,/train_images_rembg/195.jpg,7
195,/train_images_rembg/196.jpg,7
196,/train_images_rembg/197.jpg,7
197,/train_images_rembg/198.jpg,7
198,/train_images_rembg/199.jpg,7
199,/train_images_rembg/200.jpg,7
200,/train_images_rembg/201.jpg,7
201,/train_images_rembg/202.jpg,8
202,/train_images_rembg/203.jpg,8
203,/train_images_rembg/204.jpg,8
204,/train_images_rembg/205.jpg,8
205,/train_images_rembg/206.jpg,8
206,/train_images_rembg/207.jpg,8
207,/train_images_rembg/208.jpg,8
208,/train_images_rembg/209.jpg,8
209,/train_images_rembg/210.jpg,8
210,/train_images_rembg/211.jpg,8
211,/train_images_rembg/212.jpg,8
212,/train_images_rembg/213.jpg,8
213,/train_images_rembg/214.jpg,8
214,/train_images_rembg/215.jpg,8
215,/train_images_rembg/216.jpg,8
216,/train_images_rembg/217.jpg,8
217,/train_images_rembg/218.jpg,8
218,/train_images_rembg/219.jpg,8
219,/train_images_rembg/220.jpg,8
220,/train_images_rembg/221.jpg,8
221,/train_images_rembg/222.jpg,8
222,/train_images_rembg/223.jpg,8
223,/train_images_rembg/224.jpg,8
224,/train_images_rembg/225.jpg,9
225,/train_images_rembg/226.jpg,9
226,/train_images_rembg/227.jpg,9
227,/train_images_rembg/228.jpg,9
228,/train_images_rembg/229.jpg,9
229,/train_images_rembg/230.jpg,9
230,/train_images_rembg/231.jpg,9
231,/train_images_rembg/232.jpg,9
232,/train_images_rembg/233.jpg,9
233,/train_images_rembg/234.jpg,9
234,/train_images_rembg/235.jpg,9
235,/train_images_rembg/236.jpg,9
236,/train_images_rembg/237.jpg,9
237,/train_images_rembg/238.jpg,9
238,/train_images_rembg/239.jpg,9
239,/train_images_rembg/240.jpg,9
240,/train_images_rembg/241.jpg,9
241,/train_images_rembg/242.jpg,9
242,/train_images_rembg/243.jpg,9
243,/train_images_rembg/244.jpg,9
244,/train_images_rembg/245.jpg,9
245,/train_images_rembg/246.jpg,9
246,/train_images_rembg/247.jpg,9
247,/train_images_rembg/248.jpg,9
248,/train_images_rembg/249.jpg,9
249,/train_images_rembg/250.jpg,9
250,/train_images_rembg/251.jpg,9
251,/train_images_rembg/252.jpg,9
252,/train_images_rembg/253.jpg,9
253,/train_images_rembg/254.jpg,9
254,/train_images_rembg/255.jpg,9
255,/train_images_rembg/256.jpg,9
256,/train_images_rembg/257.jpg,9
257,/train_images_rembg/258.jpg,9
258,/train_images_rembg/259.jpg,10
259,/train_images_rembg/260.jpg,10
260,/train_images_rembg/261.jpg,10
261,/train_images_rembg/262.jpg,10
262,/train_images_rembg/263.jpg,10
263,/train_images_rembg/264.jpg,10
264,/train_images_rembg/265.jpg,10
265,/train_images_rembg/266.jpg,10
266,/train_images_rembg/267.jpg,10
267,/train_images_rembg/268.jpg,10
268,/train_images_rembg/269.jpg,10
269,/train_images_rembg/270.jpg,10
270,/train_images_rembg/271.jpg,10
271,/train_images_rembg/272.jpg,10
272,/train_images_rembg/273.jpg,10
273,/train_images_rembg/274.jpg,10
274,/train_images_rembg/275.jpg,10
275,/train_images_rembg/276.jpg,10
276,/train_images_rembg/277.jpg,10
277,/train_images_rembg/278.jpg,10
278,/train_images_rembg/279.jpg,10
279,/train_images_rembg/280.jpg,10
280,/train_images_rembg/281.jpg,10
281,/train_images_rembg/282.jpg,10
282,/train_images_rembg/283.jpg,10
283,/train_images_rembg/284.jpg,10
284,/train_images_rembg/285.jpg,10
285,/train_images_rembg/286.jpg,10
286,/train_images_rembg/287.jpg,10
287,/train_images_rembg/288.jpg,10
288,/train_images_rembg/289.jpg,10
289,/train_images_rembg/290.jpg,10
290,/train_images_rembg/291.jpg,10
291,/train_images_rembg/292.jpg,10
292,/train_images_rembg/293.jpg,11
293,/train_images_rembg/294.jpg,11
294,/train_images_rembg/295.jpg,11
295,/train_images_rembg/296.jpg,11
296,/train_images_rembg/297.jpg,11
297,/train_images_rembg/298.jpg,11
298,/train_images_rembg/299.jpg,11
299,/train_images_rembg/300.jpg,11
300,/train_images_rembg/301.jpg,11
301,/train_images_rembg/302.jpg,11
302,/train_images_rembg/303.jpg,11
303,/train_images_rembg/304.jpg,11
304,/train_images_rembg/305.jpg,11
305,/train_images_rembg/306.jpg,11
306,/train_images_rembg/307.jpg,11
307,/train_images_rembg/308.jpg,11
308,/train_images_rembg/309.jpg,11
309,/train_images_rembg/310.jpg,11
310,/train_images_rembg/311.jpg,11
311,/train_images_rembg/312.jpg,11
312,/train_images_rembg/313.jpg,11
313,/train_images_rembg/314.jpg,11
314,/train_images_rembg/315.jpg,11
315,/train_images_rembg/316.jpg,11
316,/train_images_rembg/317.jpg,11
317,/train_images_rembg/318.jpg,11
318,/train_images_rembg/319.jpg,11
319,/train_images_rembg/320.jpg,11
320,/train_images_rembg/321.jpg,11
321,/train_images_rembg/322.jpg,11
322,/train_images_rembg/323.jpg,11
323,/train_images_rembg/324.jpg,11
324,/train_images_rembg/325.jpg,11
325,/train_images_rembg/326.jpg,12
326,/train_images_rembg/327.jpg,12
327,/train_images_rembg/328.jpg,12
328,/train_images_rembg/329.jpg,12
329,/train_images_rembg/330.jpg,12
330,/train_images_rembg/331.jpg,12
331,/train_images_rembg/332.jpg,12
332,/train_images_rembg/333.jpg,12
333,/train_images_rembg/334.jpg,12
334,/train_images_rembg/335.jpg,12
335,/train_images_rembg/336.jpg,12
336,/train_images_rembg/337.jpg,12
337,/train_images_rembg/338.jpg,12
338,/train_images_rembg/339.jpg,12
339,/train_images_rembg/340.jpg,12
340,/train_images_rembg/341.jpg,12
341,/train_images_rembg/342.jpg,12
342,/train_images_rembg/343.jpg,12
343,/train_images_rembg/344.jpg,12
344,/train_images_rembg/345.jpg,12
345,/train_images_rembg/346.jpg,12
346,/train_images_rembg/347.jpg,12
347,/train_images_rembg/348.jpg,12
348,/train_images_rembg/349.jpg,12
349,/train_images_rembg/350.jpg,12
350,/train_images_rembg/351.jpg,12
351,/train_images_rembg/352.jpg,12
352,/train_images_rembg/353.jpg,12
353,/train_images_rembg/354.jpg,12
354,/train_images_rembg/355.jpg,12
355,/train_images_rembg/356.jpg,12
356,/train_images_rembg/357.jpg,13
357,/train_images_rembg/358.jpg,13
358,/train_images_rembg/359.jpg,13
359,/train_images_rembg/360.jpg,13
360,/train_images_rembg/361.jpg,13
361,/train_images_rembg/362.jpg,13
362,/train_images_rembg/363.jpg,13
363,/train_images_rembg/364.jpg,13
364,/train_images_rembg/365.jpg,13
365,/train_images_rembg/366.jpg,13
366,/train_images_rembg/367.jpg,13
367,/train_images_rembg/368.jpg,13
368,/train_images_rembg/369.jpg,13
369,/train_images_rembg/370.jpg,13
370,/train_images_rembg/371.jpg,13
371,/train_images_rembg/372.jpg,13
372,/train_images_rembg/373.jpg,13
373,/train_images_rembg/374.jpg,13
374,/train_images_rembg/375.jpg,13
375,/train_images_rembg/376.jpg,13
376,/train_images_rembg/377.jpg,13
377,/train_images_rembg/378.jpg,13
378,/train_images_rembg/379.jpg,13
379,/train_images_rembg/380.jpg,13
380,/train_images_rembg/381.jpg,13
381,/train_images_rembg/382.jpg,13
382,/train_images_rembg/383.jpg,13
383,/train_images_rembg/384.jpg,13
384,/train_images_rembg/385.jpg,13
385,/train_images_rembg/386.jpg,13
386,/train_images_rembg/387.jpg,13
387,/train_images_rembg/388.jpg,13
388,/train_images_rembg/389.jpg,13
389,/train_images_rembg/390.jpg,14
390,/train_images_rembg/391.jpg,14
391,/train_images_rembg/392.jpg,14
392,/train_images_rembg/393.jpg,14
393,/train_images_rembg/394.jpg,14
394,/train_images_rembg/395.jpg,14
395,/train_images_rembg/396.jpg,14
396,/train_images_rembg/397.jpg,14
397,/train_images_rembg/398.jpg,14
398,/train_images_rembg/399.jpg,14
399,/train_images_rembg/400.jpg,14
400,/train_images_rembg/401.jpg,14
401,/train_images_rembg/402.jpg,14
402,/train_images_rembg/403.jpg,14
403,/train_images_rembg/404.jpg,14
404,/train_images_rembg/405.jpg,14
405,/train_images_rembg/406.jpg,14
406,/train_images_rembg/407.jpg,14
407,/train_images_rembg/408.jpg,14
408,/train_images_rembg/409.jpg,14
409,/train_images_rembg/410.jpg,14
410,/train_images_rembg/411.jpg,14
411,/train_images_rembg/412.jpg,14
412,/train_images_rembg/413.jpg,14
413,/train_images_rembg/414.jpg,14
414,/train_images_rembg/415.jpg,14
415,/train_images_rembg/416.jpg,14
416,/train_images_rembg/417.jpg,14
417,/train_images_rembg/418.jpg,14
418,/train_images_rembg/419.jpg,14
419,/train_images_rembg/420.jpg,14
420,/train_images_rembg/421.jpg,14
421,/train_images_rembg/422.jpg,14
422,/train_images_rembg/423.jpg,15
423,/train_images_rembg/424.jpg,15
424,/train_images_rembg/425.jpg,15
425,/train_images_rembg/426.jpg,15
426,/train_images_rembg/427.jpg,15
427,/train_images_rembg/428.jpg,15
428,/train_images_rembg/429.jpg,15
429,/train_images_rembg/430.jpg,15
430,/train_images_rembg/431.jpg,15
431,/train_images_rembg/432.jpg,15
432,/train_images_rembg/433.jpg,15
433,/train_images_rembg/434.jpg,15
434,/train_images_rembg/435.jpg,15
435,/train_images_rembg/436.jpg,15
436,/train_images_rembg/437.jpg,15
437,/train_images_rembg/438.jpg,15
438,/train_images_rembg/439.jpg,15
439,/train_images_rembg/440.jpg,15
440,/train_images_rembg/441.jpg,15
441,/train_images_rembg/442.jpg,15
442,/train_images_rembg/443.jpg,15
443,/train_images_rembg/444.jpg,15
444,/train_images_rembg/445.jpg,15
445,/train_images_rembg/446.jpg,15
446,/train_images_rembg/447.jpg,15
447,/train_images_rembg/448.jpg,15
448,/train_images_rembg/449.jpg,15
449,/train_images_rembg/450.jpg,15
450,/train_images_rembg/451.jpg,15
451,/train_images_rembg/452.jpg,15
452,/train_images_rembg/453.jpg,15
453,/train_images_rembg/454.jpg,15
454,/train_images_rembg/455.jpg,15
455,/train_images_rembg/456.jpg,16
456,/train_images_rembg/457.jpg,16
457,/train_images_rembg/458.jpg,16
458,/train_images_rembg/459.jpg,16
459,/train_images_rembg/460.jpg,16
460,/train_images_rembg/461.jpg,16
461,/train_images_rembg/462.jpg,16
462,/train_images_rembg/463.jpg,16
463,/train_images_rembg/464.jpg,16
464,/train_images_rembg/465.jpg,16
465,/train_images_rembg/466.jpg,16
466,/train_images_rembg/467.jpg,16
467,/train_images_rembg/468.jpg,16
468,/train_images_rembg/469.jpg,16
469,/train_images_rembg/470.jpg,16
470,/train_images_rembg/471.jpg,16
471,/train_images_rembg/472.jpg,16
472,/train_images_rembg/473.jpg,16
473,/train_images_rembg/474.jpg,16
474,/train_images_rembg/475.jpg,16
475,/train_images_rembg/476.jpg,16
476,/train_images_rembg/477.jpg,16
477,/train_images_rembg/478.jpg,16
478,/train_images_rembg/479.jpg,16
479,/train_images_rembg/480.jpg,16
480,/train_images_rembg/481.jpg,16
481,/train_images_rembg/482.jpg,16
482,/train_images_rembg/483.jpg,16
483,/train_images_rembg/484.jpg,16
484,/train_images_rembg/485.jpg,16
485,/train_images_rembg/486.jpg,16
486,/train_images_rembg/487.jpg,16
487,/train_images_rembg/488.jpg,16
488,/train_images_rembg/489.jpg,17
489,/train_images_rembg/490.jpg,17
490,/train_images_rembg/491.jpg,17
491,/train_images_rembg/492.jpg,17
492,/train_images_rembg/493.jpg,17
493,/train_images_rembg/494.jpg,17
494,/train_images_rembg/495.jpg,17
495,/train_images_rembg/496.jpg,17
496,/train_images_rembg/497.jpg,17
497,/train_images_rembg/498.jpg,17
498,/train_images_rembg/499.jpg,17
499,/train_images_rembg/500.jpg,17
500,/train_images_rembg/501.jpg,17
501,/train_images_rembg/502.jpg,17
502,/train_images_rembg/503.jpg,17
503,/train_images_rembg/504.jpg,17
504,/train_images_rembg/505.jpg,17
505,/train_images_rembg/506.jpg,17
506,/train_images_rembg/507.jpg,17
507,/train_images_rembg/508.jpg,17
508,/train_images_rembg/509.jpg,17
509,/train_images_rembg/510.jpg,17
510,/train_images_rembg/511.jpg,17
511,/train_images_rembg/512.jpg,17
512,/train_images_rembg/513.jpg,17
513,/train_images_rembg/514.jpg,17
514,/train_images_rembg/515.jpg,17
515,/train_images_rembg/516.jpg,17
516,/train_images_rembg/517.jpg,17
517,/train_images_rembg/518.jpg,17
518,/train_images_rembg/519.jpg,17
519,/train_images_rembg/520.jpg,17
520,/train_images_rembg/521.jpg,18
521,/train_images_rembg/522.jpg,18
522,/train_images_rembg/523.jpg,18
523,/train_images_rembg/524.jpg,18
524,/train_images_rembg/525.jpg,18
525,/train_images_rembg/526.jpg,18
526,/train_images_rembg/527.jpg,18
527,/train_images_rembg/528.jpg,18
528,/train_images_rembg/529.jpg,18
529,/train_images_rembg/530.jpg,18
530,/train_images_rembg/531.jpg,18
531,/train_images_rembg/532.jpg,18
532,/train_images_rembg/533.jpg,18
533,/train_images_rembg/534.jpg,18
534,/train_images_rembg/535.jpg,18
535,/train_images_rembg/536.jpg,18
536,/train_images_rembg/537.jpg,18
537,/train_images_rembg/538.jpg,18
538,/train_images_rembg/539.jpg,18
539,/train_images_rembg/540.jpg,18
540,/train_images_rembg/541.jpg,19
541,/train_images_rembg/542.jpg,19
542,/train_images_rembg/543.jpg,19
543,/train_images_rembg/544.jpg,19
544,/train_images_rembg/545.jpg,19
545,/train_images_rembg/546.jpg,19
546,/train_images_rembg/547.jpg,19
547,/train_images_rembg/548.jpg,19
548,/train_images_rembg/549.jpg,19
549,/train_images_rembg/550.jpg,19
550,/train_images_rembg/551.jpg,19
551,/train_images_rembg/552.jpg,19
552,/train_images_rembg/553.jpg,19
553,/train_images_rembg/554.jpg,19
554,/train_images_rembg/555.jpg,19
555,/train_images_rembg/556.jpg,19
556,/train_images_rembg/557.jpg,19
557,/train_images_rembg/558.jpg,19
558,/train_images_rembg/559.jpg,19
559,/train_images_rembg/560.jpg,19
560,/train_images_rembg/561.jpg,19
561,/train_images_rembg/562.jpg,19
562,/train_images_rembg/563.jpg,19
563,/train_images_rembg/564.jpg,19
564,/train_images_rembg/565.jpg,19
565,/train_images_rembg/566.jpg,19
566,/train_images_rembg/567.jpg,19
567,/train_images_rembg/568.jpg,19
568,/train_images_rembg/569.jpg,19
569,/train_images_rembg/570.jpg,19
570,/train_images_rembg/571.jpg,19
571,/train_images_rembg/572.jpg,19
572,/train_images_rembg/573.jpg,20
573,/train_images_rembg/574.jpg,20
574,/train_images_rembg/575.jpg,20
575,/train_images_rembg/576.jpg,20
576,/train_images_rembg/577.jpg,20
577,/train_images_rembg/578.jpg,20
578,/train_images_rembg/579.jpg,20
579,/train_images_rembg/580.jpg,20
580,/train_images_rembg/581.jpg,20
581,/train_images_rembg/582.jpg,20
582,/train_images_rembg/583.jpg,20
583,/train_images_rembg/584.jpg,20
584,/train_images_rembg/585.jpg,20
585,/train_images_rembg/586.jpg,20
586,/train_images_rembg/587.jpg,20
587,/train_images_rembg/588.jpg,20
588,/train_images_rembg/589.jpg,20
589,/train_images_rembg/590.jpg,20
590,/train_images_rembg/591.jpg,20
591,/train_images_rembg/592.jpg,20
592,/train_images_rembg/593.jpg,20
593,/train_images_rembg/594.jpg,20
594,/train_images_rembg/595.jpg,20
595,/train_images_rembg/596.jpg,20
596,/train_images_rembg/597.jpg,20
597,/train_images_rembg/598.jpg,20
598,/train_images_rembg/599.jpg,20
599,/train_images_rembg/600.jpg,20
600,/train_images_rembg/601.jpg,20
601,/train_images_rembg/602.jpg,20
602,/train_images_rembg/603.jpg,20
603,/train_images_rembg/604.jpg,20
604,/train_images_rembg/605.jpg,21
605,/train_images_rembg/606.jpg,21
606,/train_images_rembg/607.jpg,21
607,/train_images_rembg/608.jpg,21
608,/train_images_rembg/609.jpg,21
609,/train_images_rembg/610.jpg,21
610,/train_images_rembg/611.jpg,21
611,/train_images_rembg/612.jpg,21
612,/train_images_rembg/613.jpg,21
613,/train_images_rembg/614.jpg,21
614,/train_images_rembg/615.jpg,21
615,/train_images_rembg/616.jpg,21
616,/train_images_rembg/617.jpg,21
617,/train_images_rembg/618.jpg,21
618,/train_images_rembg/619.jpg,21
619,/train_images_rembg/620.jpg,21
620,/train_images_rembg/621.jpg,21
621,/train_images_rembg/622.jpg,21
622,/train_images_rembg/623.jpg,21
623,/train_images_rembg/624.jpg,21
624,/train_images_rembg/625.jpg,21
625,/train_images_rembg/626.jpg,21
626,/train_images_rembg/627.jpg,21
627,/train_images_rembg/628.jpg,21
628,/train_images_rembg/629.jpg,21
629,/train_images_rembg/630.jpg,21
630,/train_images_rembg/631.jpg,21
631,/train_images_rembg/632.jpg,21
632,/train_images_rembg/633.jpg,21
633,/train_images_rembg/634.jpg,21
634,/train_images_rembg/635.jpg,21
635,/train_images_rembg/636.jpg,21
636,/train_images_rembg/637.jpg,22
637,/train_images_rembg/638.jpg,22
638,/train_images_rembg/639.jpg,22
639,/train_images_rembg/640.jpg,22
640,/train_images_rembg/641.jpg,22
641,/train_images_rembg/642.jpg,22
642,/train_images_rembg/643.jpg,22
643,/train_images_rembg/644.jpg,22
644,/train_images_rembg/645.jpg,22
645,/train_images_rembg/646.jpg,22
646,/train_images_rembg/647.jpg,22
647,/train_images_rembg/648.jpg,22
648,/train_images_rembg/649.jpg,22
649,/train_images_rembg/650.jpg,22
650,/train_images_rembg/651.jpg,22
651,/train_images_rembg/652.jpg,22
652,/train_images_rembg/653.jpg,22
653,/train_images_rembg/654.jpg,22
654,/train_images_rembg/655.jpg,22
655,/train_images_rembg/656.jpg,22
656,/train_images_rembg/657.jpg,22
657,/train_images_rembg/658.jpg,22
658,/train_images_rembg/659.jpg,22
659,/train_images_rembg/660.jpg,22
660,/train_images_rembg/661.jpg,22
661,/train_images_rembg/662.jpg,22
662,/train_images_rembg/663.jpg,22
663,/train_images_rembg/664.jpg,22
664,/train_images_rembg/665.jpg,22
665,/train_images_rembg/666.jpg,22
666,/train_images_rembg/667.jpg,22
667,/train_images_rembg/668.jpg,23
668,/train_images_rembg/669.jpg,23
669,/train_images_rembg/670.jpg,23
670,/train_images_rembg/671.jpg,23
671,/train_images_rembg/672.jpg,23
672,/train_images_rembg/673.jpg,23
673,/train_images_rembg/674.jpg,23
674,/train_images_rembg/675.jpg,23
675,/train_images_rembg/676.jpg,23
676,/train_images_rembg/677.jpg,23
677,/train_images_rembg/678.jpg,23
678,/train_images_rembg/679.jpg,23
679,/train_images_rembg/680.jpg,23
680,/train_images_rembg/681.jpg,23
681,/train_images_rembg/682.jpg,23
682,/train_images_rembg/683.jpg,23
683,/train_images_rembg/684.jpg,23
684,/train_images_rembg/685.jpg,23
685,/train_images_rembg/686.jpg,23
686,/train_images_rembg/687.jpg,23
687,/train_images_rembg/688.jpg,23
688,/train_images_rembg/689.jpg,23
689,/train_images_rembg/690.jpg,23
690,/train_images_rembg/691.jpg,23
691,/train_images_rembg/692.jpg,23
692,/train_images_rembg/693.jpg,23
693,/train_images_rembg/694.jpg,23
694,/train_images_rembg/695.jpg,23
695,/train_images_rembg/696.jpg,23
696,/train_images_rembg/697.jpg,23
697,/train_images_rembg/698.jpg,23
698,/train_images_rembg/699.jpg,23
699,/train_images_rembg/700.jpg,24
700,/train_images_rembg/701.jpg,24
701,/train_images_rembg/702.jpg,24
702,/train_images_rembg/703.jpg,24
703,/train_images_rembg/704.jpg,24
704,/train_images_rembg/705.jpg,24
705,/train_images_rembg/706.jpg,24
706,/train_images_rembg/707.jpg,24
707,/train_images_rembg/708.jpg,24
708,/train_images_rembg/709.jpg,24
709,/train_images_rembg/710.jpg,24
710,/train_images_rembg/711.jpg,24
711,/train_images_rembg/712.jpg,24
712,/train_images_rembg/713.jpg,24
713,/train_images_rembg/714.jpg,24
714,/train_images_rembg/715.jpg,24
715,/train_images_rembg/716.jpg,24
716,/train_images_rembg/717.jpg,24
717,/train_images_rembg/718.jpg,24
718,/train_images_rembg/719.jpg,24
719,/train_images_rembg/720.jpg,24
720,/train_images_rembg/721.jpg,24
721,/train_images_rembg/722.jpg,24
722,/train_images_rembg/723.jpg,24
723,/train_images_rembg/724.jpg,24
724,/train_images_rembg/725.jpg,24
725,/train_images_rembg/726.jpg,24
726,/train_images_rembg/727.jpg,25
727,/train_images_rembg/728.jpg,25
728,/train_images_rembg/729.jpg,25
729,/train_images_rembg/730.jpg,25
730,/train_images_rembg/731.jpg,25
731,/train_images_rembg/732.jpg,25
732,/train_images_rembg/733.jpg,25
733,/train_images_rembg/734.jpg,25
734,/train_images_rembg/735.jpg,25
735,/train_images_rembg/736.jpg,25
736,/train_images_rembg/737.jpg,25
737,/train_images_rembg/738.jpg,25
738,/train_images_rembg/739.jpg,25
739,/train_images_rembg/740.jpg,25
740,/train_images_rembg/741.jpg,25
741,/train_images_rembg/742.jpg,25
742,/train_images_rembg/743.jpg,25
743,/train_images_rembg/744.jpg,25
744,/train_images_rembg/745.jpg,25
745,/train_images_rembg/746.jpg,25
746,/train_images_rembg/747.jpg,25
747,/train_images_rembg/748.jpg,25
748,/train_images_rembg/749.jpg,25
749,/train_images_rembg/750.jpg,25
750,/train_images_rembg/751.jpg,25
751,/train_images_rembg/752.jpg,25
752,/train_images_rembg/753.jpg,25
753,/train_images_rembg/754.jpg,25
754,/train_images_rembg/755.jpg,25
755,/train_images_rembg/756.jpg,25
756,/train_images_rembg/757.jpg,25
757,/train_images_rembg/758.jpg,26
758,/train_images_rembg/759.jpg,26
759,/train_images_rembg/760.jpg,26
760,/train_images_rembg/761.jpg,26
761,/train_images_rembg/762.jpg,26
762,/train_images_rembg/763.jpg,26
763,/train_images_rembg/764.jpg,26
764,/train_images_rembg/765.jpg,26
765,/train_images_rembg/766.jpg,26
766,/train_images_rembg/767.jpg,26
767,/train_images_rembg/768.jpg,26
768,/train_images_rembg/769.jpg,26
769,/train_images_rembg/770.jpg,26
770,/train_images_rembg/771.jpg,26
771,/train_images_rembg/772.jpg,26
772,/train_images_rembg/773.jpg,26
773,/train_images_rembg/774.jpg,26
774,/train_images_rembg/775.jpg,26
775,/train_images_rembg/776.jpg,26
776,/train_images_rembg/777.jpg,26
777,/train_images_rembg/778.jpg,26
778,/train_images_rembg/779.jpg,26
779,/train_images_rembg/780.jpg,26
780,/train_images_rembg/781.jpg,26
781,/train_images_rembg/782.jpg,26
782,/train_images_rembg/783.jpg,26
783,/train_images_rembg/784.jpg,26
784,/train_images_rembg/785.jpg,26
785,/train_images_rembg/786.jpg,26
786,/train_images_rembg/787.jpg,26
787,/train_images_rembg/788.jpg,26
788,/train_images_rembg/789.jpg,27
789,/train_images_rembg/790.jpg,27
790,/train_images_rembg/791.jpg,27
791,/train_images_rembg/792.jpg,27
792,/train_images_rembg/793.jpg,27
793,/train_images_rembg/794.jpg,27
794,/train_images_rembg/795.jpg,27
795,/train_images_rembg/796.jpg,27
796,/train_images_rembg/797.jpg,27
797,/train_images_rembg/798.jpg,27
798,/train_images_rembg/799.jpg,27
799,/train_images_rembg/800.jpg,27
800,/train_images_rembg/801.jpg,27
801,/train_images_rembg/802.jpg,27
802,/train_images_rembg/803.jpg,27
803,/train_images_rembg/804.jpg,27
804,/train_images_rembg/805.jpg,27
805,/train_images_rembg/806.jpg,27
806,/train_images_rembg/807.jpg,27
807,/train_images_rembg/808.jpg,27
808,/train_images_rembg/809.jpg,27
809,/train_images_rembg/810.jpg,27
810,/train_images_rembg/811.jpg,27
811,/train_images_rembg/812.jpg,27
812,/train_images_rembg/813.jpg,27
813,/train_images_rembg/814.jpg,27
814,/train_images_rembg/815.jpg,27
815,/train_images_rembg/816.jpg,27
816,/train_images_rembg/817.jpg,27
817,/train_images_rembg/818.jpg,27
818,/train_images_rembg/819.jpg,27
819,/train_images_rembg/820.jpg,28
820,/train_images_rembg/821.jpg,28
821,/train_images_rembg/822.jpg,28
822,/train_images_rembg/823.jpg,28
823,/train_images_rembg/824.jpg,28
824,/train_images_rembg/825.jpg,28
825,/train_images_rembg/826.jpg,28
826,/train_images_rembg/827.jpg,28
827,/train_images_rembg/828.jpg,28
828,/train_images_rembg/829.jpg,28
829,/train_images_rembg/830.jpg,28
830,/train_images_rembg/831.jpg,28
831,/train_images_rembg/832.jpg,28
832,/train_images_rembg/833.jpg,28
833,/train_images_rembg/834.jpg,28
834,/train_images_rembg/835.jpg,28
835,/train_images_rembg/836.jpg,28
836,/train_images_rembg/837.jpg,28
837,/train_images_rembg/838.jpg,28
838,/train_images_rembg/839.jpg,28
839,/train_images_rembg/840.jpg,28
840,/train_images_rembg/841.jpg,28
841,/train_images_rembg/842.jpg,28
842,/train_images_rembg/843.jpg,28
843,/train_images_rembg/844.jpg,28
844,/train_images_rembg/845.jpg,28
845,/train_images_rembg/846.jpg,28
846,/train_images_rembg/847.jpg,28
847,/train_images_rembg/848.jpg,28
848,/train_images_rembg/849.jpg,28
849,/train_images_rembg/850.jpg,28
850,/train_images_rembg/851.jpg,29
851,/train_images_rembg/852.jpg,29
852,/train_images_rembg/853.jpg,29
853,/train_images_rembg/854.jpg,29
854,/train_images_rembg/855.jpg,29
855,/train_images_rembg/856.jpg,29
856,/train_images_rembg/857.jpg,29
857,/train_images_rembg/858.jpg,29
858,/train_images_rembg/859.jpg,29
859,/train_images_rembg/860.jpg,29
860,/train_images_rembg/861.jpg,29
861,/train_images_rembg/862.jpg,29
862,/train_images_rembg/863.jpg,29
863,/train_images_rembg/864.jpg,29
864,/train_images_rembg/865.jpg,29
865,/train_images_rembg/866.jpg,29
866,/train_images_rembg/867.jpg,29
867,/train_images_rembg/868.jpg,29
868,/train_images_rembg/869.jpg,29
869,/train_images_rembg/870.jpg,29
870,/train_images_rembg/871.jpg,29
871,/train_images_rembg/872.jpg,29
872,/train_images_rembg/873.jpg,29
873,/train_images_rembg/874.jpg,29
874,/train_images_rembg/875.jpg,29
875,/train_images_rembg/876.jpg,29
876,/train_images_rembg/877.jpg,29
877,/train_images_rembg/878.jpg,29
878,/train_images_rembg/879.jpg,29
879,/train_images_rembg/880.jpg,29
880,/train_images_rembg/881.jpg,29
881,/train_images_rembg/882.jpg,30
882,/train_images_rembg/883.jpg,30
883,/train_images_rembg/884.jpg,30
884,/train_images_rembg/885.jpg,30
885,/train_images_rembg/886.jpg,30
886,/train_images_rembg/887.jpg,30
887,/train_images_rembg/888.jpg,30
888,/train_images_rembg/889.jpg,30
889,/train_images_rembg/890.jpg,30
890,/train_images_rembg/891.jpg,30
891,/train_images_rembg/892.jpg,30
892,/train_images_rembg/893.jpg,30
893,/train_images_rembg/894.jpg,30
894,/train_images_rembg/895.jpg,30
895,/train_images_rembg/896.jpg,30
896,/train_images_rembg/897.jpg,30
897,/train_images_rembg/898.jpg,30
898,/train_images_rembg/899.jpg,30
899,/train_images_rembg/900.jpg,30
900,/train_images_rembg/901.jpg,30
901,/train_images_rembg/902.jpg,30
902,/train_images_rembg/903.jpg,30
903,/train_images_rembg/904.jpg,30
904,/train_images_rembg/905.jpg,30
905,/train_images_rembg/906.jpg,30
906,/train_images_rembg/907.jpg,30
907,/train_images_rembg/908.jpg,30
908,/train_images_rembg/909.jpg,30
909,/train_images_rembg/910.jpg,30
910,/train_images_rembg/911.jpg,30
911,/train_images_rembg/912.jpg,30
912,/train_images_rembg/913.jpg,31
913,/train_images_rembg/914.jpg,31
914,/train_images_rembg/915.jpg,31
915,/train_images_rembg/916.jpg,31
916,/train_images_rembg/917.jpg,31
917,/train_images_rembg/918.jpg,31
918,/train_images_rembg/919.jpg,31
919,/train_images_rembg/920.jpg,31
920,/train_images_rembg/921.jpg,31
921,/train_images_rembg/922.jpg,31
922,/train_images_rembg/923.jpg,31
923,/train_images_rembg/924.jpg,31
924,/train_images_rembg/925.jpg,31
925,/train_images_rembg/926.jpg,31
926,/train_images_rembg/927.jpg,31
927,/train_images_rembg/928.jpg,31
928,/train_images_rembg/929.jpg,31
929,/train_images_rembg/930.jpg,31
930,/train_images_rembg/931.jpg,31
931,/train_images_rembg/932.jpg,31
932,/train_images_rembg/933.jpg,31
933,/train_images_rembg/934.jpg,31
934,/train_images_rembg/935.jpg,31
935,/train_images_rembg/936.jpg,31
936,/train_images_rembg/937.jpg,31
937,/train_images_rembg/938.jpg,31
938,/train_images_rembg/939.jpg,31
939,/train_images_rembg/940.jpg,31
940,/train_images_rembg/941.jpg,31
941,/train_images_rembg/942.jpg,31
942,/train_images_rembg/943.jpg,32
943,/train_images_rembg/944.jpg,32
944,/train_images_rembg/945.jpg,32
945,/train_images_rembg/946.jpg,32
946,/train_images_rembg/947.jpg,32
947,/train_images_rembg/948.jpg,32
948,/train_images_rembg/949.jpg,32
949,/train_images_rembg/950.jpg,32
950,/train_images_rembg/951.jpg,32
951,/train_images_rembg/952.jpg,32
952,/train_images_rembg/953.jpg,32
953,/train_images_rembg/954.jpg,32
954,/train_images_rembg/955.jpg,32
955,/train_images_rembg/956.jpg,32
956,/train_images_rembg/957.jpg,32
957,/train_images_rembg/958.jpg,32
958,/train_images_rembg/959.jpg,32
959,/train_images_rembg/960.jpg,32
960,/train_images_rembg/961.jpg,32
961,/train_images_rembg/962.jpg,32
962,/train_images_rembg/963.jpg,32
963,/train_images_rembg/964.jpg,32
964,/train_images_rembg/965.jpg,32
965,/train_images_rembg/966.jpg,32
966,/train_images_rembg/967.jpg,32
967,/train_images_rembg/968.jpg,32
968,/train_images_rembg/969.jpg,32
969,/train_images_rembg/970.jpg,32
970,/train_images_rembg/971.jpg,33
971,/train_images_rembg/972.jpg,33
972,/train_images_rembg/973.jpg,33
973,/train_images_rembg/974.jpg,33
974,/train_images_rembg/975.jpg,33
975,/train_images_rembg/976.jpg,33
976,/train_images_rembg/977.jpg,33
977,/train_images_rembg/978.jpg,33
978,/train_images_rembg/979.jpg,33
979,/train_images_rembg/980.jpg,33
980,/train_images_rembg/981.jpg,33
981,/train_images_rembg/982.jpg,33
982,/train_images_rembg/983.jpg,33
983,/train_images_rembg/984.jpg,33
984,/train_images_rembg/985.jpg,33
985,/train_images_rembg/986.jpg,33
986,/train_images_rembg/987.jpg,33
987,/train_images_rembg/988.jpg,33
988,/train_images_rembg/989.jpg,33
989,/train_images_rembg/990.jpg,33
990,/train_images_rembg/991.jpg,33
991,/train_images_rembg/992.jpg,33
992,/train_images_rembg/993.jpg,33
993,/train_images_rembg/994.jpg,33
994,/train_images_rembg/995.jpg,33
995,/train_images_rembg/996.jpg,33
996,/train_images_rembg/997.jpg,33
997,/train_images_rembg/998.jpg,33
998,/train_images_rembg/999.jpg,33
999,/train_images_rembg/1000.jpg,33
1000,/train_images_rembg/1001.jpg,34
1001,/train_images_rembg/1002.jpg,34
1002,/train_images_rembg/1003.jpg,34
1003,/train_images_rembg/1004.jpg,34
1004,/train_images_rembg/1005.jpg,34
1005,/train_images_rembg/1006.jpg,34
1006,/train_images_rembg/1007.jpg,34
1007,/train_images_rembg/1008.jpg,34
1008,/train_images_rembg/1009.jpg,34
1009,/train_images_rembg/1010.jpg,34
1010,/train_images_rembg/1011.jpg,34
1011,/train_images_rembg/1012.jpg,34
1012,/train_images_rembg/1013.jpg,34
1013,/train_images_rembg/1014.jpg,34
1014,/train_images_rembg/1015.jpg,34
1015,/train_images_rembg/1016.jpg,34
1016,/train_images_rembg/1017.jpg,34
1017,/train_images_rembg/1018.jpg,34
1018,/train_images_rembg/1019.jpg,34
1019,/train_images_rembg/1020.jpg,34
1020,/train_images_rembg/1021.jpg,34
1021,/train_images_rembg/1022.jpg,34
1022,/train_images_rembg/1023.jpg,34
1023,/train_images_rembg/1024.jpg,34
1024,/train_images_rembg/1025.jpg,34
1025,/train_images_rembg/1026.jpg,34
1026,/train_images_rembg/1027.jpg,34
1027,/train_images_rembg/1028.jpg,34
1028,/train_images_rembg/1029.jpg,34
1029,/train_images_rembg/1030.jpg,34
1030,/train_images_rembg/1031.jpg,35
1031,/train_images_rembg/1032.jpg,35
1032,/train_images_rembg/1033.jpg,35
1033,/train_images_rembg/1034.jpg,35
1034,/train_images_rembg/1035.jpg,35
1035,/train_images_rembg/1036.jpg,35
1036,/train_images_rembg/1037.jpg,35
1037,/train_images_rembg/1038.jpg,35
1038,/train_images_rembg/1039.jpg,35
1039,/train_images_rembg/1040.jpg,35
1040,/train_images_rembg/1041.jpg,35
1041,/train_images_rembg/1042.jpg,35
1042,/train_images_rembg/1043.jpg,35
1043,/train_images_rembg/1044.jpg,35
1044,/train_images_rembg/1045.jpg,35
1045,/train_images_rembg/1046.jpg,35
1046,/train_images_rembg/1047.jpg,35
1047,/train_images_rembg/1048.jpg,35
1048,/train_images_rembg/1049.jpg,35
1049,/train_images_rembg/1050.jpg,35
1050,/train_images_rembg/1051.jpg,35
1051,/train_images_rembg/1052.jpg,35
1052,/train_images_rembg/1053.jpg,35
1053,/train_images_rembg/1054.jpg,35
1054,/train_images_rembg/1055.jpg,35
1055,/train_images_rembg/1056.jpg,35
1056,/train_images_rembg/1057.jpg,35
1057,/train_images_rembg/1058.jpg,35
1058,/train_images_rembg/1059.jpg,35
1059,/train_images_rembg/1060.jpg,35
1060,/train_images_rembg/1061.jpg,36
1061,/train_images_rembg/1062.jpg,36
1062,/train_images_rembg/1063.jpg,36
1063,/train_images_rembg/1064.jpg,36
1064,/train_images_rembg/1065.jpg,36
1065,/train_images_rembg/1066.jpg,36
1066,/train_images_rembg/1067.jpg,36
1067,/train_images_rembg/1068.jpg,36
1068,/train_images_rembg/1069.jpg,36
1069,/train_images_rembg/1070.jpg,36
1070,/train_images_rembg/1071.jpg,36
1071,/train_images_rembg/1072.jpg,36
1072,/train_images_rembg/1073.jpg,36
1073,/train_images_rembg/1074.jpg,36
1074,/train_images_rembg/1075.jpg,36
1075,/train_images_rembg/1076.jpg,36
1076,/train_images_rembg/1077.jpg,36
1077,/train_images_rembg/1078.jpg,36
1078,/train_images_rembg/1079.jpg,36
1079,/train_images_rembg/1080.jpg,36
1080,/train_images_rembg/1081.jpg,36
1081,/train_images_rembg/1082.jpg,36
1082,/train_images_rembg/1083.jpg,36
1083,/train_images_rembg/1084.jpg,36
1084,/train_images_rembg/1085.jpg,36
1085,/train_images_rembg/1086.jpg,36
1086,/train_images_rembg/1087.jpg,36
1087,/train_images_rembg/1088.jpg,36
1088,/train_images_rembg/1089.jpg,36
1089,/train_images_rembg/1090.jpg,36
1090,/train_images_rembg/1091.jpg,37
1091,/train_images_rembg/1092.jpg,37
1092,/train_images_rembg/1093.jpg,37
1093,/train_images_rembg/1094.jpg,37
1094,/train_images_rembg/1095.jpg,37
1095,/train_images_rembg/1096.jpg,37
1096,/train_images_rembg/1097.jpg,37
1097,/train_images_rembg/1098.jpg,37
1098,/train_images_rembg/1099.jpg,37
1099,/train_images_rembg/1100.jpg,37
1100,/train_images_rembg/1101.jpg,37
1101,/train_images_rembg/1102.jpg,37
1102,/train_images_rembg/1103.jpg,37
1103,/train_images_rembg/1104.jpg,37
1104,/train_images_rembg/1105.jpg,37
1105,/train_images_rembg/1106.jpg,37
1106,/train_images_rembg/1107.jpg,37
1107,/train_images_rembg/1108.jpg,37
1108,/train_images_rembg/1109.jpg,37
1109,/train_images_rembg/1110.jpg,37
1110,/train_images_rembg/1111.jpg,37
1111,/train_images_rembg/1112.jpg,37
1112,/train_images_rembg/1113.jpg,37
1113,/train_images_rembg/1114.jpg,37
1114,/train_images_rembg/1115.jpg,37
1115,/train_images_rembg/1116.jpg,37
1116,/train_images_rembg/1117.jpg,37
1117,/train_images_rembg/1118.jpg,37
1118,/train_images_rembg/1119.jpg,37
1119,/train_images_rembg/1120.jpg,37
1120,/train_images_rembg/1121.jpg,38
1121,/train_images_rembg/1122.jpg,38
1122,/train_images_rembg/1123.jpg,38
1123,/train_images_rembg/1124.jpg,38
1124,/train_images_rembg/1125.jpg,38
1125,/train_images_rembg/1126.jpg,38
1126,/train_images_rembg/1127.jpg,38
1127,/train_images_rembg/1128.jpg,38
1128,/train_images_rembg/1129.jpg,38
1129,/train_images_rembg/1130.jpg,38
1130,/train_images_rembg/1131.jpg,38
1131,/train_images_rembg/1132.jpg,38
1132,/train_images_rembg/1133.jpg,38
1133,/train_images_rembg/1134.jpg,38
1134,/train_images_rembg/1135.jpg,38
1135,/train_images_rembg/1136.jpg,38
1136,/train_images_rembg/1137.jpg,38
1137,/train_images_rembg/1138.jpg,38
1138,/train_images_rembg/1139.jpg,38
1139,/train_images_rembg/1140.jpg,38
1140,/train_images_rembg/1141.jpg,38
1141,/train_images_rembg/1142.jpg,38
1142,/train_images_rembg/1143.jpg,38
1143,/train_images_rembg/1144.jpg,38
1144,/train_images_rembg/1145.jpg,38
1145,/train_images_rembg/1146.jpg,38
1146,/train_images_rembg/1147.jpg,38
1147,/train_images_rembg/1148.jpg,38
1148,/train_images_rembg/1149.jpg,38
1149,/train_images_rembg/1150.jpg,39
1150,/train_images_rembg/1151.jpg,39
1151,/train_images_rembg/1152.jpg,39
1152,/train_images_rembg/1153.jpg,39
1153,/train_images_rembg/1154.jpg,39
1154,/train_images_rembg/1155.jpg,39
1155,/train_images_rembg/1156.jpg,39
1156,/train_images_rembg/1157.jpg,39
1157,/train_images_rembg/1158.jpg,39
1158,/train_images_rembg/1159.jpg,39
1159,/train_images_rembg/1160.jpg,39
1160,/train_images_rembg/1161.jpg,39
1161,/train_images_rembg/1162.jpg,39
1162,/train_images_rembg/1163.jpg,39
1163,/train_images_rembg/1164.jpg,39
1164,/train_images_rembg/1165.jpg,39
1165,/train_images_rembg/1166.jpg,39
1166,/train_images_rembg/1167.jpg,39
1167,/train_images_rembg/1168.jpg,39
1168,/train_images_rembg/1169.jpg,39
1169,/train_images_rembg/1170.jpg,39
1170,/train_images_rembg/1171.jpg,39
1171,/train_images_rembg/1172.jpg,39
1172,/train_images_rembg/1173.jpg,39
1173,/train_images_rembg/1174.jpg,39
1174,/train_images_rembg/1175.jpg,39
1175,/train_images_rembg/1176.jpg,39
1176,/train_images_rembg/1177.jpg,39
1177,/train_images_rembg/1178.jpg,39
1178,/train_images_rembg/1179.jpg,40
1179,/train_images_rembg/1180.jpg,40
1180,/train_images_rembg/1181.jpg,40
1181,/train_images_rembg/1182.jpg,40
1182,/train_images_rembg/1183.jpg,40
1183,/train_images_rembg/1184.jpg,40
1184,/train_images_rembg/1185.jpg,40
1185,/train_images_rembg/1186.jpg,40
1186,/train_images_rembg/1187.jpg,40
1187,/train_images_rembg/1188.jpg,40
1188,/train_images_rembg/1189.jpg,40
1189,/train_images_rembg/1190.jpg,40
1190,/train_images_rembg/1191.jpg,40
1191,/train_images_rembg/1192.jpg,40
1192,/train_images_rembg/1193.jpg,40
1193,/train_images_rembg/1194.jpg,40
1194,/train_images_rembg/1195.jpg,40
1195,/train_images_rembg/1196.jpg,40
1196,/train_images_rembg/1197.jpg,40
1197,/train_images_rembg/1198.jpg,40
1198,/train_images_rembg/1199.jpg,40
1199,/train_images_rembg/1200.jpg,40
1200,/train_images_rembg/1201.jpg,40
1201,/train_images_rembg/1202.jpg,40
1202,/train_images_rembg/1203.jpg,40
1203,/train_images_rembg/1204.jpg,40
1204,/train_images_rembg/1205.jpg,40
1205,/train_images_rembg/1206.jpg,40
1206,/train_images_rembg/1207.jpg,40
1207,/train_images_rembg/1208.jpg,41
1208,/train_images_rembg/1209.jpg,41
1209,/train_images_rembg/1210.jpg,41
1210,/train_images_rembg/1211.jpg,41
1211,/train_images_rembg/1212.jpg,41
1212,/train_images_rembg/1213.jpg,41
1213,/train_images_rembg/1214.jpg,41
1214,/train_images_rembg/1215.jpg,41
1215,/train_images_rembg/1216.jpg,41
1216,/train_images_rembg/1217.jpg,41
1217,/train_images_rembg/1218.jpg,41
1218,/train_images_rembg/1219.jpg,41
1219,/train_images_rembg/1220.jpg,41
1220,/train_images_rembg/1221.jpg,41
1221,/train_images_rembg/1222.jpg,41
1222,/train_images_rembg/1223.jpg,41
1223,/train_images_rembg/1224.jpg,41
1224,/train_images_rembg/1225.jpg,41
1225,/train_images_rembg/1226.jpg,41
1226,/train_images_rembg/1227.jpg,41
1227,/train_images_rembg/1228.jpg,41
1228,/train_images_rembg/1229.jpg,41
1229,/train_images_rembg/1230.jpg,41
1230,/train_images_rembg/1231.jpg,41
1231,/train_images_rembg/1232.jpg,41
1232,/train_images_rembg/1233.jpg,41
1233,/train_images_rembg/1234.jpg,41
1234,/train_images_rembg/1235.jpg,41
1235,/train_images_rembg/1236.jpg,41
1236,/train_images_rembg/1237.jpg,42
1237,/train_images_rembg/1238.jpg,42
1238,/train_images_rembg/1239.jpg,42
1239,/train_images_rembg/1240.jpg,42
1240,/train_images_rembg/1241.jpg,42
1241,/train_images_rembg/1242.jpg,42
1242,/train_images_rembg/1243.jpg,42
1243,/train_images_rembg/1244.jpg,42
1244,/train_images_rembg/1245.jpg,42
1245,/train_images_rembg/1246.jpg,42
1246,/train_images_rembg/1247.jpg,42
1247,/train_images_rembg/1248.jpg,42
1248,/train_images_rembg/1249.jpg,42
1249,/train_images_rembg/1250.jpg,42
1250,/train_images_rembg/1251.jpg,42
1251,/train_images_rembg/1252.jpg,42
1252,/train_images_rembg/1253.jpg,42
1253,/train_images_rembg/1254.jpg,42
1254,/train_images_rembg/1255.jpg,42
1255,/train_images_rembg/1256.jpg,42
1256,/train_images_rembg/1257.jpg,42
1257,/train_images_rembg/1258.jpg,42
1258,/train_images_rembg/1259.jpg,42
1259,/train_images_rembg/1260.jpg,42
1260,/train_images_rembg/1261.jpg,42
1261,/train_images_rembg/1262.jpg,42
1262,/train_images_rembg/1263.jpg,42
1263,/train_images_rembg/1264.jpg,42
1264,/train_images_rembg/1265.jpg,42
1265,/train_images_rembg/1266.jpg,43
1266,/train_images_rembg/1267.jpg,43
1267,/train_images_rembg/1268.jpg,43
1268,/train_images_rembg/1269.jpg,43
1269,/train_images_rembg/1270.jpg,43
1270,/train_images_rembg/1271.jpg,43
1271,/train_images_rembg/1272.jpg,43
1272,/train_images_rembg/1273.jpg,43
1273,/train_images_rembg/1274.jpg,43
1274,/train_images_rembg/1275.jpg,43
1275,/train_images_rembg/1276.jpg,43
1276,/train_images_rembg/1277.jpg,43
1277,/train_images_rembg/1278.jpg,43
1278,/train_images_rembg/1279.jpg,43
1279,/train_images_rembg/1280.jpg,43
1280,/train_images_rembg/1281.jpg,43
1281,/train_images_rembg/1282.jpg,43
1282,/train_images_rembg/1283.jpg,43
1283,/train_images_rembg/1284.jpg,43
1284,/train_images_rembg/1285.jpg,43
1285,/train_images_rembg/1286.jpg,43
1286,/train_images_rembg/1287.jpg,43
1287,/train_images_rembg/1288.jpg,43
1288,/train_images_rembg/1289.jpg,43
1289,/train_images_rembg/1290.jpg,43
1290,/train_images_rembg/1291.jpg,43
1291,/train_images_rembg/1292.jpg,43
1292,/train_images_rembg/1293.jpg,43
1293,/train_images_rembg/1294.jpg,43
1294,/train_images_rembg/1295.jpg,44
1295,/train_images_rembg/1296.jpg,44
1296,/train_images_rembg/1297.jpg,44
1297,/train_images_rembg/1298.jpg,44
1298,/train_images_rembg/1299.jpg,44
1299,/train_images_rembg/1300.jpg,44
1300,/train_images_rembg/1301.jpg,44
1301,/train_images_rembg/1302.jpg,44
1302,/train_images_rembg/1303.jpg,44
1303,/train_images_rembg/1304.jpg,44
1304,/train_images_rembg/1305.jpg,44
1305,/train_images_rembg/1306.jpg,44
1306,/train_images_rembg/1307.jpg,44
1307,/train_images_rembg/1308.jpg,44
1308,/train_images_rembg/1309.jpg,44
1309,/train_images_rembg/1310.jpg,44
1310,/train_images_rembg/1311.jpg,44
1311,/train_images_rembg/1312.jpg,44
1312,/train_images_rembg/1313.jpg,44
1313,/train_images_rembg/1314.jpg,44
1314,/train_images_rembg/1315.jpg,44
1315,/train_images_rembg/1316.jpg,44
1316,/train_images_rembg/1317.jpg,44
1317,/train_images_rembg/1318.jpg,44
1318,/train_images_rembg/1319.jpg,44
1319,/train_images_rembg/1320.jpg,44
1320,/train_images_rembg/1321.jpg,44
1321,/train_images_rembg/1322.jpg,44
1322,/train_images_rembg/1323.jpg,44
1323,/train_images_rembg/1324.jpg,45
1324,/train_images_rembg/1325.jpg,45
1325,/train_images_rembg/1326.jpg,45
1326,/train_images_rembg/1327.jpg,45
1327,/train_images_rembg/1328.jpg,45
1328,/train_images_rembg/1329.jpg,45
1329,/train_images_rembg/1330.jpg,45
1330,/train_images_rembg/1331.jpg,45
1331,/train_images_rembg/1332.jpg,45
1332,/train_images_rembg/1333.jpg,45
1333,/train_images_rembg/1334.jpg,45
1334,/train_images_rembg/1335.jpg,45
1335,/train_images_rembg/1336.jpg,45
1336,/train_images_rembg/1337.jpg,45
1337,/train_images_rembg/1338.jpg,45
1338,/train_images_rembg/1339.jpg,45
1339,/train_images_rembg/1340.jpg,45
1340,/train_images_rembg/1341.jpg,45
1341,/train_images_rembg/1342.jpg,45
1342,/train_images_rembg/1343.jpg,45
1343,/train_images_rembg/1344.jpg,45
1344,/train_images_rembg/1345.jpg,45
1345,/train_images_rembg/1346.jpg,45
1346,/train_images_rembg/1347.jpg,45
1347,/train_images_rembg/1348.jpg,45
1348,/train_images_rembg/1349.jpg,45
1349,/train_images_rembg/1350.jpg,45
1350,/train_images_rembg/1351.jpg,45
1351,/train_images_rembg/1352.jpg,46
1352,/train_images_rembg/1353.jpg,46
1353,/train_images_rembg/1354.jpg,46
1354,/train_images_rembg/1355.jpg,46
1355,/train_images_rembg/1356.jpg,46
1356,/train_images_rembg/1357.jpg,46
1357,/train_images_rembg/1358.jpg,46
1358,/train_images_rembg/1359.jpg,46
1359,/train_images_rembg/1360.jpg,46
1360,/train_images_rembg/1361.jpg,46
1361,/train_images_rembg/1362.jpg,46
1362,/train_images_rembg/1363.jpg,46
1363,/train_images_rembg/1364.jpg,46
1364,/train_images_rembg/1365.jpg,46
1365,/train_images_rembg/1366.jpg,46
1366,/train_images_rembg/1367.jpg,46
1367,/train_images_rembg/1368.jpg,46
1368,/train_images_rembg/1369.jpg,46
1369,/train_images_rembg/1370.jpg,46
1370,/train_images_rembg/1371.jpg,46
1371,/train_images_rembg/1372.jpg,46
1372,/train_images_rembg/1373.jpg,46
1373,/train_images_rembg/1374.jpg,46
1374,/train_images_rembg/1375.jpg,46
1375,/train_images_rembg/1376.jpg,46
1376,/train_images_rembg/1377.jpg,46
1377,/train_images_rembg/1378.jpg,46
1378,/train_images_rembg/1379.jpg,46
1379,/train_images_rembg/1380.jpg,47
1380,/train_images_rembg/1381.jpg,47
1381,/train_images_rembg/1382.jpg,47
1382,/train_images_rembg/1383.jpg,47
1383,/train_images_rembg/1384.jpg,47
1384,/train_images_rembg/1385.jpg,47
1385,/train_images_rembg/1386.jpg,47
1386,/train_images_rembg/1387.jpg,47
1387,/train_images_rembg/1388.jpg,47
1388,/train_images_rembg/1389.jpg,47
1389,/train_images_rembg/1390.jpg,47
1390,/train_images_rembg/1391.jpg,47
1391,/train_images_rembg/1392.jpg,47
1392,/train_images_rembg/1393.jpg,47
1393,/train_images_rembg/1394.jpg,47
1394,/train_images_rembg/1395.jpg,47
1395,/train_images_rembg/1396.jpg,47
1396,/train_images_rembg/1397.jpg,47
1397,/train_images_rembg/1398.jpg,47
1398,/train_images_rembg/1399.jpg,47
1399,/train_images_rembg/1400.jpg,47
1400,/train_images_rembg/1401.jpg,47
1401,/train_images_rembg/1402.jpg,47
1402,/train_images_rembg/1403.jpg,47
1403,/train_images_rembg/1404.jpg,47
1404,/train_images_rembg/1405.jpg,47
1405,/train_images_rembg/1406.jpg,47
1406,/train_images_rembg/1407.jpg,47
1407,/train_images_rembg/1408.jpg,48
1408,/train_images_rembg/1409.jpg,48
1409,/train_images_rembg/1410.jpg,48
1410,/train_images_rembg/1411.jpg,48
1411,/train_images_rembg/1412.jpg,48
1412,/train_images_rembg/1413.jpg,48
1413,/train_images_rembg/1414.jpg,48
1414,/train_images_rembg/1415.jpg,48
1415,/train_images_rembg/1416.jpg,48
1416,/train_images_rembg/1417.jpg,48
1417,/train_images_rembg/1418.jpg,48
1418,/train_images_rembg/1419.jpg,48
1419,/train_images_rembg/1420.jpg,48
1420,/train_images_rembg/1421.jpg,48
1421,/train_images_rembg/1422.jpg,48
1422,/train_images_rembg/1423.jpg,48
1423,/train_images_rembg/1424.jpg,48
1424,/train_images_rembg/1425.jpg,48
1425,/train_images_rembg/1426.jpg,48
1426,/train_images_rembg/1427.jpg,48
1427,/train_images_rembg/1428.jpg,48
1428,/train_images_rembg/1429.jpg,48
1429,/train_images_rembg/1430.jpg,48
1430,/train_images_rembg/1431.jpg,48
1431,/train_images_rembg/1432.jpg,48
1432,/train_images_rembg/1433.jpg,48
1433,/train_images_rembg/1434.jpg,48
1434,/train_images_rembg/1435.jpg,48
1435,/train_images_rembg/1436.jpg,49
1436,/train_images_rembg/1437.jpg,49
1437,/train_images_rembg/1438.jpg,49
1438,/train_images_rembg/1439.jpg,49
1439,/train_images_rembg/1440.jpg,49
1440,/train_images_rembg/1441.jpg,49
1441,/train_images_rembg/1442.jpg,49
1442,/train_images_rembg/1443.jpg,49
1443,/train_images_rembg/1444.jpg,49
1444,/train_images_rembg/1445.jpg,49
1445,/train_images_rembg/1446.jpg,49
1446,/train_images_rembg/1447.jpg,49
1447,/train_images_rembg/1448.jpg,49
1448,/train_images_rembg/1449.jpg,49
1449,/train_images_rembg/1450.jpg,49
1450,/train_images_rembg/1451.jpg,49
1451,/train_images_rembg/1452.jpg,49
1452,/train_images_rembg/1453.jpg,49
1453,/train_images_rembg/1454.jpg,49
1454,/train_images_rembg/1455.jpg,49
1455,/train_images_rembg/1456.jpg,49
1456,/train_images_rembg/1457.jpg,49
1457,/train_images_rembg/1458.jpg,49
1458,/train_images_rembg/1459.jpg,49
1459,/train_images_rembg/1460.jpg,49
1460,/train_images_rembg/1461.jpg,49
1461,/train_images_rembg/1462.jpg,49
1462,/train_images_rembg/1463.jpg,49
1463,/train_images_rembg/1464.jpg,50
1464,/train_images_rembg/1465.jpg,50
1465,/train_images_rembg/1466.jpg,50
1466,/train_images_rembg/1467.jpg,50
1467,/train_images_rembg/1468.jpg,50
1468,/train_images_rembg/1469.jpg,50
1469,/train_images_rembg/1470.jpg,50
1470,/train_images_rembg/1471.jpg,50
1471,/train_images_rembg/1472.jpg,50
1472,/train_images_rembg/1473.jpg,50
1473,/train_images_rembg/1474.jpg,50
1474,/train_images_rembg/1475.jpg,50
1475,/train_images_rembg/1476.jpg,50
1476,/train_images_rembg/1477.jpg,50
1477,/train_images_rembg/1478.jpg,50
1478,/train_images_rembg/1479.jpg,50
1479,/train_images_rembg/1480.jpg,50
1480,/train_images_rembg/1481.jpg,50
1481,/train_images_rembg/1482.jpg,50
1482,/train_images_rembg/1483.jpg,50
1483,/train_images_rembg/1484.jpg,50
1484,/train_images_rembg/1485.jpg,50
1485,/train_images_rembg/1486.jpg,50
1486,/train_images_rembg/1487.jpg,50
1487,/train_images_rembg/1488.jpg,50
1488,/train_images_rembg/1489.jpg,50
1489,/train_images_rembg/1490.jpg,50
1490,/train_images_rembg/1491.jpg,50
1491,/train_images_rembg/1492.jpg,51
1492,/train_images_rembg/1493.jpg,51
1493,/train_images_rembg/1494.jpg,51
1494,/train_images_rembg/1495.jpg,51
1495,/train_images_rembg/1496.jpg,51
1496,/train_images_rembg/1497.jpg,51
1497,/train_images_rembg/1498.jpg,51
1498,/train_images_rembg/1499.jpg,51
1499,/train_images_rembg/1500.jpg,51
1500,/train_images_rembg/1501.jpg,51
1501,/train_images_rembg/1502.jpg,51
1502,/train_images_rembg/1503.jpg,51
1503,/train_images_rembg/1504.jpg,51
1504,/train_images_rembg/1505.jpg,51
1505,/train_images_rembg/1506.jpg,51
1506,/train_images_rembg/1507.jpg,51
1507,/train_images_rembg/1508.jpg,51
1508,/train_images_rembg/1509.jpg,51
1509,/train_images_rembg/1510.jpg,51
1510,/train_images_rembg/1511.jpg,51
1511,/train_images_rembg/1512.jpg,51
1512,/train_images_rembg/1513.jpg,51
1513,/train_images_rembg/1514.jpg,51
1514,/train_images_rembg/1515.jpg,51
1515,/train_images_rembg/1516.jpg,51
1516,/train_images_rembg/1517.jpg,51
1517,/train_images_rembg/1518.jpg,51
1518,/train_images_rembg/1519.jpg,52
1519,/train_images_rembg/1520.jpg,52
1520,/train_images_rembg/1521.jpg,52
1521,/train_images_rembg/1522.jpg,52
1522,/train_images_rembg/1523.jpg,52
1523,/train_images_rembg/1524.jpg,52
1524,/train_images_rembg/1525.jpg,52
1525,/train_images_rembg/1526.jpg,52
1526,/train_images_rembg/1527.jpg,52
1527,/train_images_rembg/1528.jpg,52
1528,/train_images_rembg/1529.jpg,52
1529,/train_images_rembg/1530.jpg,52
1530,/train_images_rembg/1531.jpg,52
1531,/train_images_rembg/1532.jpg,52
1532,/train_images_rembg/1533.jpg,52
1533,/train_images_rembg/1534.jpg,52
1534,/train_images_rembg/1535.jpg,52
1535,/train_images_rembg/1536.jpg,52
1536,/train_images_rembg/1537.jpg,52
1537,/train_images_rembg/1538.jpg,52
1538,/train_images_rembg/1539.jpg,52
1539,/train_images_rembg/1540.jpg,52
1540,/train_images_rembg/1541.jpg,52
1541,/train_images_rembg/1542.jpg,52
1542,/train_images_rembg/1543.jpg,52
1543,/train_images_rembg/1544.jpg,52
1544,/train_images_rembg/1545.jpg,52
1545,/train_images_rembg/1546.jpg,53
1546,/train_images_rembg/1547.jpg,53
1547,/train_images_rembg/1548.jpg,53
1548,/train_images_rembg/1549.jpg,53
1549,/train_images_rembg/1550.jpg,53
1550,/train_images_rembg/1551.jpg,53
1551,/train_images_rembg/1552.jpg,53
1552,/train_images_rembg/1553.jpg,53
1553,/train_images_rembg/1554.jpg,53
1554,/train_images_rembg/1555.jpg,53
1555,/train_images_rembg/1556.jpg,53
1556,/train_images_rembg/1557.jpg,53
1557,/train_images_rembg/1558.jpg,53
1558,/train_images_rembg/1559.jpg,53
1559,/train_images_rembg/1560.jpg,53
1560,/train_images_rembg/1561.jpg,53
1561,/train_images_rembg/1562.jpg,53
1562,/train_images_rembg/1563.jpg,53
1563,/train_images_rembg/1564.jpg,53
1564,/train_images_rembg/1565.jpg,53
1565,/train_images_rembg/1566.jpg,53
1566,/train_images_rembg/1567.jpg,53
1567,/train_images_rembg/1568.jpg,53
1568,/train_images_rembg/1569.jpg,53
1569,/train_images_rembg/1570.jpg,53
1570,/train_images_rembg/1571.jpg,53
1571,/train_images_rembg/1572.jpg,53
1572,/train_images_rembg/1573.jpg,54
1573,/train_images_rembg/1574.jpg,54
1574,/train_images_rembg/1575.jpg,54
1575,/train_images_rembg/1576.jpg,54
1576,/train_images_rembg/1577.jpg,54
1577,/train_images_rembg/1578.jpg,54
1578,/train_images_rembg/1579.jpg,54
1579,/train_images_rembg/1580.jpg,54
1580,/train_images_rembg/1581.jpg,54
1581,/train_images_rembg/1582.jpg,54
1582,/train_images_rembg/1583.jpg,54
1583,/train_images_rembg/1584.jpg,54
1584,/train_images_rembg/1585.jpg,54
1585,/train_images_rembg/1586.jpg,54
1586,/train_images_rembg/1587.jpg,54
1587,/train_images_rembg/1588.jpg,54
1588,/train_images_rembg/1589.jpg,54
1589,/train_images_rembg/1590.jpg,54
1590,/train_images_rembg/1591.jpg,54
1591,/train_images_rembg/1592.jpg,54
1592,/train_images_rembg/1593.jpg,54
1593,/train_images_rembg/1594.jpg,54
1594,/train_images_rembg/1595.jpg,54
1595,/train_images_rembg/1596.jpg,54
1596,/train_images_rembg/1597.jpg,54
1597,/train_images_rembg/1598.jpg,54
1598,/train_images_rembg/1599.jpg,54
1599,/train_images_rembg/1600.jpg,55
1600,/train_images_rembg/1601.jpg,55
1601,/train_images_rembg/1602.jpg,55
1602,/train_images_rembg/1603.jpg,55
1603,/train_images_rembg/1604.jpg,55
1604,/train_images_rembg/1605.jpg,55
1605,/train_images_rembg/1606.jpg,55
1606,/train_images_rembg/1607.jpg,55
1607,/train_images_rembg/1608.jpg,55
1608,/train_images_rembg/1609.jpg,55
1609,/train_images_rembg/1610.jpg,55
1610,/train_images_rembg/1611.jpg,55
1611,/train_images_rembg/1612.jpg,55
1612,/train_images_rembg/1613.jpg,55
1613,/train_images_rembg/1614.jpg,55
1614,/train_images_rembg/1615.jpg,55
1615,/train_images_rembg/1616.jpg,55
1616,/train_images_rembg/1617.jpg,55
1617,/train_images_rembg/1618.jpg,55
1618,/train_images_rembg/1619.jpg,55
1619,/train_images_rembg/1620.jpg,55
1620,/train_images_rembg/1621.jpg,55
1621,/train_images_rembg/1622.jpg,55
1622,/train_images_rembg/1623.jpg,55
1623,/train_images_rembg/1624.jpg,55
1624,/train_images_rembg/1625.jpg,55
1625,/train_images_rembg/1626.jpg,55
1626,/train_images_rembg/1627.jpg,56
1627,/train_images_rembg/1628.jpg,56
1628,/train_images_rembg/1629.jpg,56
1629,/train_images_rembg/1630.jpg,56
1630,/train_images_rembg/1631.jpg,56
1631,/train_images_rembg/1632.jpg,56
1632,/train_images_rembg/1633.jpg,56
1633,/train_images_rembg/1634.jpg,56
1634,/train_images_rembg/1635.jpg,56
1635,/train_images_rembg/1636.jpg,56
1636,/train_images_rembg/1637.jpg,56
1637,/train_images_rembg/1638.jpg,56
1638,/train_images_rembg/1639.jpg,56
1639,/train_images_rembg/1640.jpg,56
1640,/train_images_rembg/1641.jpg,56
1641,/train_images_rembg/1642.jpg,56
1642,/train_images_rembg/1643.jpg,56
1643,/train_images_rembg/1644.jpg,56
1644,/train_images_rembg/1645.jpg,56
1645,/train_images_rembg/1646.jpg,56
1646,/train_images_rembg/1647.jpg,56
1647,/train_images_rembg/1648.jpg,56
1648,/train_images_rembg/1649.jpg,56
1649,/train_images_rembg/1650.jpg,56
1650,/train_images_rembg/1651.jpg,56
1651,/train_images_rembg/1652.jpg,56
1652,/train_images_rembg/1653.jpg,56
1653,/train_images_rembg/1654.jpg,57
1654,/train_images_rembg/1655.jpg,57
1655,/train_images_rembg/1656.jpg,57
1656,/train_images_rembg/1657.jpg,57
1657,/train_images_rembg/1658.jpg,57
1658,/train_images_rembg/1659.jpg,57
1659,/train_images_rembg/1660.jpg,57
1660,/train_images_rembg/1661.jpg,57
1661,/train_images_rembg/1662.jpg,57
1662,/train_images_rembg/1663.jpg,57
1663,/train_images_rembg/1664.jpg,57
1664,/train_images_rembg/1665.jpg,57
1665,/train_images_rembg/1666.jpg,57
1666,/train_images_rembg/1667.jpg,57
1667,/train_images_rembg/1668.jpg,57
1668,/train_images_rembg/1669.jpg,57
1669,/train_images_rembg/1670.jpg,57
1670,/train_images_rembg/1671.jpg,57
1671,/train_images_rembg/1672.jpg,57
1672,/train_images_rembg/1673.jpg,57
1673,/train_images_rembg/1674.jpg,57
1674,/train_images_rembg/1675.jpg,57
1675,/train_images_rembg/1676.jpg,57
1676,/train_images_rembg/1677.jpg,57
1677,/train_images_rembg/1678.jpg,57
1678,/train_images_rembg/1679.jpg,57
1679,/train_images_rembg/1680.jpg,57
1680,/train_images_rembg/1681.jpg,58
1681,/train_images_rembg/1682.jpg,58
1682,/train_images_rembg/1683.jpg,58
1683,/train_images_rembg/1684.jpg,58
1684,/train_images_rembg/1685.jpg,58
1685,/train_images_rembg/1686.jpg,58
1686,/train_images_rembg/1687.jpg,58
1687,/train_images_rembg/1688.jpg,58
1688,/train_images_rembg/1689.jpg,58
1689,/train_images_rembg/1690.jpg,58
1690,/train_images_rembg/1691.jpg,58
1691,/train_images_rembg/1692.jpg,58
1692,/train_images_rembg/1693.jpg,58
1693,/train_images_rembg/1694.jpg,58
1694,/train_images_rembg/1695.jpg,58
1695,/train_images_rembg/1696.jpg,58
1696,/train_images_rembg/1697.jpg,58
1697,/train_images_rembg/1698.jpg,58
1698,/train_images_rembg/1699.jpg,58
1699,/train_images_rembg/1700.jpg,58
1700,/train_images_rembg/1701.jpg,58
1701,/train_images_rembg/1702.jpg,58
1702,/train_images_rembg/1703.jpg,58
1703,/train_images_rembg/1704.jpg,58
1704,/train_images_rembg/1705.jpg,58
1705,/train_images_rembg/1706.jpg,58
1706,/train_images_rembg/1707.jpg,59
1707,/train_images_rembg/1708.jpg,59
1708,/train_images_rembg/1709.jpg,59
1709,/train_images_rembg/1710.jpg,59
1710,/train_images_rembg/1711.jpg,59
1711,/train_images_rembg/1712.jpg,59
1712,/train_images_rembg/1713.jpg,59
1713,/train_images_rembg/1714.jpg,59
1714,/train_images_rembg/1715.jpg,59
1715,/train_images_rembg/1716.jpg,59
1716,/train_images_rembg/1717.jpg,59
1717,/train_images_rembg/1718.jpg,59
1718,/train_images_rembg/1719.jpg,59
1719,/train_images_rembg/1720.jpg,59
1720,/train_images_rembg/1721.jpg,59
1721,/train_images_rembg/1722.jpg,59
1722,/train_images_rembg/1723.jpg,59
1723,/train_images_rembg/1724.jpg,59
1724,/train_images_rembg/1725.jpg,59
1725,/train_images_rembg/1726.jpg,59
1726,/train_images_rembg/1727.jpg,59
1727,/train_images_rembg/1728.jpg,59
1728,/train_images_rembg/1729.jpg,59
1729,/train_images_rembg/1730.jpg,59
1730,/train_images_rembg/1731.jpg,59
1731,/train_images_rembg/1732.jpg,59
1732,/train_images_rembg/1733.jpg,60
1733,/train_images_rembg/1734.jpg,60
1734,/train_images_rembg/1735.jpg,60
1735,/train_images_rembg/1736.jpg,60
1736,/train_images_rembg/1737.jpg,60
1737,/train_images_rembg/1738.jpg,60
1738,/train_images_rembg/1739.jpg,60
1739,/train_images_rembg/1740.jpg,60
1740,/train_images_rembg/1741.jpg,60
1741,/train_images_rembg/1742.jpg,60
1742,/train_images_rembg/1743.jpg,60
1743,/train_images_rembg/1744.jpg,60
1744,/train_images_rembg/1745.jpg,60
1745,/train_images_rembg/1746.jpg,60
1746,/train_images_rembg/1747.jpg,60
1747,/train_images_rembg/1748.jpg,60
1748,/train_images_rembg/1749.jpg,60
1749,/train_images_rembg/1750.jpg,60
1750,/train_images_rembg/1751.jpg,60
1751,/train_images_rembg/1752.jpg,60
1752,/train_images_rembg/1753.jpg,60
1753,/train_images_rembg/1754.jpg,60
1754,/train_images_rembg/1755.jpg,60
1755,/train_images_rembg/1756.jpg,60
1756,/train_images_rembg/1757.jpg,60
1757,/train_images_rembg/1758.jpg,60
1758,/train_images_rembg/1759.jpg,61
1759,/train_images_rembg/1760.jpg,61
1760,/train_images_rembg/1761.jpg,61
1761,/train_images_rembg/1762.jpg,61
1762,/train_images_rembg/1763.jpg,61
1763,/train_images_rembg/1764.jpg,61
1764,/train_images_rembg/1765.jpg,61
1765,/train_images_rembg/1766.jpg,61
1766,/train_images_rembg/1767.jpg,61
1767,/train_images_rembg/1768.jpg,61
1768,/train_images_rembg/1769.jpg,61
1769,/train_images_rembg/1770.jpg,61
1770,/train_images_rembg/1771.jpg,61
1771,/train_images_rembg/1772.jpg,61
1772,/train_images_rembg/1773.jpg,61
1773,/train_images_rembg/1774.jpg,61
1774,/train_images_rembg/1775.jpg,61
1775,/train_images_rembg/1776.jpg,61
1776,/train_images_rembg/1777.jpg,61
1777,/train_images_rembg/1778.jpg,61
1778,/train_images_rembg/1779.jpg,61
1779,/train_images_rembg/1780.jpg,61
1780,/train_images_rembg/1781.jpg,61
1781,/train_images_rembg/1782.jpg,61
1782,/train_images_rembg/1783.jpg,61
1783,/train_images_rembg/1784.jpg,61
1784,/train_images_rembg/1785.jpg,62
1785,/train_images_rembg/1786.jpg,62
1786,/train_images_rembg/1787.jpg,62
1787,/train_images_rembg/1788.jpg,62
1788,/train_images_rembg/1789.jpg,62
1789,/train_images_rembg/1790.jpg,62
1790,/train_images_rembg/1791.jpg,62
1791,/train_images_rembg/1792.jpg,62
1792,/train_images_rembg/1793.jpg,62
1793,/train_images_rembg/1794.jpg,62
1794,/train_images_rembg/1795.jpg,62
1795,/train_images_rembg/1796.jpg,62
1796,/train_images_rembg/1797.jpg,62
1797,/train_images_rembg/1798.jpg,62
1798,/train_images_rembg/1799.jpg,62
1799,/train_images_rembg/1800.jpg,62
1800,/train_images_rembg/1801.jpg,62
1801,/train_images_rembg/1802.jpg,62
1802,/train_images_rembg/1803.jpg,62
1803,/train_images_rembg/1804.jpg,62
1804,/train_images_rembg/1805.jpg,62
1805,/train_images_rembg/1806.jpg,62
1806,/train_images_rembg/1807.jpg,62
1807,/train_images_rembg/1808.jpg,62
1808,/train_images_rembg/1809.jpg,62
1809,/train_images_rembg/1810.jpg,62
1810,/train_images_rembg/1811.jpg,63
1811,/train_images_rembg/1812.jpg,63
1812,/train_images_rembg/1813.jpg,63
1813,/train_images_rembg/1814.jpg,63
1814,/train_images_rembg/1815.jpg,63
1815,/train_images_rembg/1816.jpg,63
1816,/train_images_rembg/1817.jpg,63
1817,/train_images_rembg/1818.jpg,63
1818,/train_images_rembg/1819.jpg,63
1819,/train_images_rembg/1820.jpg,63
1820,/train_images_rembg/1821.jpg,63
1821,/train_images_rembg/1822.jpg,63
1822,/train_images_rembg/1823.jpg,63
1823,/train_images_rembg/1824.jpg,63
1824,/train_images_rembg/1825.jpg,63
1825,/train_images_rembg/1826.jpg,63
1826,/train_images_rembg/1827.jpg,63
1827,/train_images_rembg/1828.jpg,63
1828,/train_images_rembg/1829.jpg,63
1829,/train_images_rembg/1830.jpg,63
1830,/train_images_rembg/1831.jpg,63
1831,/train_images_rembg/1832.jpg,63
1832,/train_images_rembg/1833.jpg,63
1833,/train_images_rembg/1834.jpg,63
1834,/train_images_rembg/1835.jpg,63
1835,/train_images_rembg/1836.jpg,63
1836,/train_images_rembg/1837.jpg,64
1837,/train_images_rembg/1838.jpg,64
1838,/train_images_rembg/1839.jpg,64
1839,/train_images_rembg/1840.jpg,64
1840,/train_images_rembg/1841.jpg,64
1841,/train_images_rembg/1842.jpg,64
1842,/train_images_rembg/1843.jpg,64
1843,/train_images_rembg/1844.jpg,64
1844,/train_images_rembg/1845.jpg,64
1845,/train_images_rembg/1846.jpg,64
1846,/train_images_rembg/1847.jpg,64
1847,/train_images_rembg/1848.jpg,64
1848,/train_images_rembg/1849.jpg,64
1849,/train_images_rembg/1850.jpg,64
1850,/train_images_rembg/1851.jpg,64
1851,/train_images_rembg/1852.jpg,64
1852,/train_images_rembg/1853.jpg,64
1853,/train_images_rembg/1854.jpg,64
1854,/train_images_rembg/1855.jpg,64
1855,/train_images_rembg/1856.jpg,64
1856,/train_images_rembg/1857.jpg,64
1857,/train_images_rembg/1858.jpg,64
1858,/train_images_rembg/1859.jpg,64
1859,/train_images_rembg/1860.jpg,64
1860,/train_images_rembg/1861.jpg,64
1861,/train_images_rembg/1862.jpg,64
1862,/train_images_rembg/1863.jpg,65
1863,/train_images_rembg/1864.jpg,65
1864,/train_images_rembg/1865.jpg,65
1865,/train_images_rembg/1866.jpg,65
1866,/train_images_rembg/1867.jpg,65
1867,/train_images_rembg/1868.jpg,65
1868,/train_images_rembg/1869.jpg,65
1869,/train_images_rembg/1870.jpg,65
1870,/train_images_rembg/1871.jpg,65
1871,/train_images_rembg/1872.jpg,65
1872,/train_images_rembg/1873.jpg,65
1873,/train_images_rembg/1874.jpg,65
1874,/train_images_rembg/1875.jpg,65
1875,/train_images_rembg/1876.jpg,65
1876,/train_images_rembg/1877.jpg,65
1877,/train_images_rembg/1878.jpg,65
1878,/train_images_rembg/1879.jpg,65
1879,/train_images_rembg/1880.jpg,65
1880,/train_images_rembg/1881.jpg,65
1881,/train_images_rembg/1882.jpg,65
1882,/train_images_rembg/1883.jpg,65
1883,/train_images_rembg/1884.jpg,65
1884,/train_images_rembg/1885.jpg,65
1885,/train_images_rembg/1886.jpg,65
1886,/train_images_rembg/1887.jpg,65
1887,/train_images_rembg/1888.jpg,66
1888,/train_images_rembg/1889.jpg,66
1889,/train_images_rembg/1890.jpg,66
1890,/train_images_rembg/1891.jpg,66
1891,/train_images_rembg/1892.jpg,66
1892,/train_images_rembg/1893.jpg,66
1893,/train_images_rembg/1894.jpg,66
1894,/train_images_rembg/1895.jpg,66
1895,/train_images_rembg/1896.jpg,66
1896,/train_images_rembg/1897.jpg,66
1897,/train_images_rembg/1898.jpg,66
1898,/train_images_rembg/1899.jpg,66
1899,/train_images_rembg/1900.jpg,66
1900,/train_images_rembg/1901.jpg,66
1901,/train_images_rembg/1902.jpg,66
1902,/train_images_rembg/1903.jpg,66
1903,/train_images_rembg/1904.jpg,66
1904,/train_images_rembg/1905.jpg,66
1905,/train_images_rembg/1906.jpg,66
1906,/train_images_rembg/1907.jpg,66
1907,/train_images_rembg/1908.jpg,66
1908,/train_images_rembg/1909.jpg,66
1909,/train_images_rembg/1910.jpg,66
1910,/train_images_rembg/1911.jpg,66
1911,/train_images_rembg/1912.jpg,66
1912,/train_images_rembg/1913.jpg,67
1913,/train_images_rembg/1914.jpg,67
1914,/train_images_rembg/1915.jpg,67
1915,/train_images_rembg/1916.jpg,67
1916,/train_images_rembg/1917.jpg,67
1917,/train_images_rembg/1918.jpg,67
1918,/train_images_rembg/1919.jpg,67
1919,/train_images_rembg/1920.jpg,67
1920,/train_images_rembg/1921.jpg,67
1921,/train_images_rembg/1922.jpg,67
1922,/train_images_rembg/1923.jpg,67
1923,/train_images_rembg/1924.jpg,67
1924,/train_images_rembg/1925.jpg,67
1925,/train_images_rembg/1926.jpg,67
1926,/train_images_rembg/1927.jpg,67
1927,/train_images_rembg/1928.jpg,67
1928,/train_images_rembg/1929.jpg,67
1929,/train_images_rembg/1930.jpg,67
1930,/train_images_rembg/1931.jpg,67
1931,/train_images_rembg/1932.jpg,67
1932,/train_images_rembg/1933.jpg,67
1933,/train_images_rembg/1934.jpg,67
1934,/train_images_rembg/1935.jpg,67
1935,/train_images_rembg/1936.jpg,67
1936,/train_images_rembg/1937.jpg,67
1937,/train_images_rembg/1938.jpg,68
1938,/train_images_rembg/1939.jpg,68
1939,/train_images_rembg/1940.jpg,68
1940,/train_images_rembg/1941.jpg,68
1941,/train_images_rembg/1942.jpg,68
1942,/train_images_rembg/1943.jpg,68
1943,/train_images_rembg/1944.jpg,68
1944,/train_images_rembg/1945.jpg,68
1945,/train_images_rembg/1946.jpg,68
1946,/train_images_rembg/1947.jpg,68
1947,/train_images_rembg/1948.jpg,68
1948,/train_images_rembg/1949.jpg,68
1949,/train_images_rembg/1950.jpg,68
1950,/train_images_rembg/1951.jpg,68
1951,/train_images_rembg/1952.jpg,68
1952,/train_images_rembg/1953.jpg,68
1953,/train_images_rembg/1954.jpg,68
1954,/train_images_rembg/1955.jpg,68
1955,/train_images_rembg/1956.jpg,68
1956,/train_images_rembg/1957.jpg,68
1957,/train_images_rembg/1958.jpg,68
1958,/train_images_rembg/1959.jpg,68
1959,/train_images_rembg/1960.jpg,68
1960,/train_images_rembg/1961.jpg,68
1961,/train_images_rembg/1962.jpg,68
1962,/train_images_rembg/1963.jpg,69
1963,/train_images_rembg/1964.jpg,69
1964,/train_images_rembg/1965.jpg,69
1965,/train_images_rembg/1966.jpg,69
1966,/train_images_rembg/1967.jpg,69
1967,/train_images_rembg/1968.jpg,69
1968,/train_images_rembg/1969.jpg,69
1969,/train_images_rembg/1970.jpg,69
1970,/train_images_rembg/1971.jpg,69
1971,/train_images_rembg/1972.jpg,69
1972,/train_images_rembg/1973.jpg,69
1973,/train_images_rembg/1974.jpg,69
1974,/train_images_rembg/1975.jpg,69
1975,/train_images_rembg/1976.jpg,69
1976,/train_images_rembg/1977.jpg,69
1977,/train_images_rembg/1978.jpg,69
1978,/train_images_rembg/1979.jpg,69
1979,/train_images_rembg/1980.jpg,69
1980,/train_images_rembg/1981.jpg,69
1981,/train_images_rembg/1982.jpg,69
1982,/train_images_rembg/1983.jpg,69
1983,/train_images_rembg/1984.jpg,69
1984,/train_images_rembg/1985.jpg,69
1985,/train_images_rembg/1986.jpg,69
1986,/train_images_rembg/1987.jpg,69
1987,/train_images_rembg/1988.jpg,70
1988,/train_images_rembg/1989.jpg,70
1989,/train_images_rembg/1990.jpg,70
1990,/train_images_rembg/1991.jpg,70
1991,/train_images_rembg/1992.jpg,70
1992,/train_images_rembg/1993.jpg,70
1993,/train_images_rembg/1994.jpg,70
1994,/train_images_rembg/1995.jpg,70
1995,/train_images_rembg/1996.jpg,70
1996,/train_images_rembg/1997.jpg,70
1997,/train_images_rembg/1998.jpg,70
1998,/train_images_rembg/1999.jpg,70
1999,/train_images_rembg/2000.jpg,70
2000,/train_images_rembg/2001.jpg,70
2001,/train_images_rembg/2002.jpg,70
2002,/train_images_rembg/2003.jpg,70
2003,/train_images_rembg/2004.jpg,70
2004,/train_images_rembg/2005.jpg,70
2005,/train_images_rembg/2006.jpg,70
2006,/train_images_rembg/2007.jpg,70
2007,/train_images_rembg/2008.jpg,70
2008,/train_images_rembg/2009.jpg,70
2009,/train_images_rembg/2010.jpg,70
2010,/train_images_rembg/2011.jpg,70
2011,/train_images_rembg/2012.jpg,70
2012,/train_images_rembg/2013.jpg,71
2013,/train_images_rembg/2014.jpg,71
2014,/train_images_rembg/2015.jpg,71
2015,/train_images_rembg/2016.jpg,71
2016,/train_images_rembg/2017.jpg,71
2017,/train_images_rembg/2018.jpg,71
2018,/train_images_rembg/2019.jpg,71
2019,/train_images_rembg/2020.jpg,71
2020,/train_images_rembg/2021.jpg,71
2021,/train_images_rembg/2022.jpg,71
2022,/train_images_rembg/2023.jpg,71
2023,/train_images_rembg/2024.jpg,71
2024,/train_images_rembg/2025.jpg,71
2025,/train_images_rembg/2026.jpg,71
2026,/train_images_rembg/2027.jpg,71
2027,/train_images_rembg/2028.jpg,71
2028,/train_images_rembg/2029.jpg,71
2029,/train_images_rembg/2030.jpg,71
2030,/train_images_rembg/2031.jpg,71
2031,/train_images_rembg/2032.jpg,71
2032,/train_images_rembg/2033.jpg,71
2033,/train_images_rembg/2034.jpg,71
2034,/train_images_rembg/2035.jpg,71
2035,/train_images_rembg/2036.jpg,71
2036,/train_images_rembg/2037.jpg,72
2037,/train_images_rembg/2038.jpg,72
2038,/train_images_rembg/2039.jpg,72
2039,/train_images_rembg/2040.jpg,72
2040,/train_images_rembg/2041.jpg,72
2041,/train_images_rembg/2042.jpg,72
2042,/train_images_rembg/2043.jpg,72
2043,/train_images_rembg/2044.jpg,72
2044,/train_images_rembg/2045.jpg,72
2045,/train_images_rembg/2046.jpg,72
2046,/train_images_rembg/2047.jpg,72
2047,/train_images_rembg/2048.jpg,72
2048,/train_images_rembg/2049.jpg,72
2049,/train_images_rembg/2050.jpg,72
2050,/train_images_rembg/2051.jpg,72
2051,/train_images_rembg/2052.jpg,72
2052,/train_images_rembg/2053.jpg,72
2053,/train_images_rembg/2054.jpg,72
2054,/train_images_rembg/2055.jpg,72
2055,/train_images_rembg/2056.jpg,72
2056,/train_images_rembg/2057.jpg,72
2057,/train_images_rembg/2058.jpg,72
2058,/train_images_rembg/2059.jpg,72
2059,/train_images_rembg/2060.jpg,72
2060,/train_images_rembg/2061.jpg,73
2061,/train_images_rembg/2062.jpg,73
2062,/train_images_rembg/2063.jpg,73
2063,/train_images_rembg/2064.jpg,73
2064,/train_images_rembg/2065.jpg,73
2065,/train_images_rembg/2066.jpg,73
2066,/train_images_rembg/2067.jpg,73
2067,/train_images_rembg/2068.jpg,73
2068,/train_images_rembg/2069.jpg,73
2069,/train_images_rembg/2070.jpg,73
2070,/train_images_rembg/2071.jpg,73
2071,/train_images_rembg/2072.jpg,73
2072,/train_images_rembg/2073.jpg,73
2073,/train_images_rembg/2074.jpg,73
2074,/train_images_rembg/2075.jpg,73
2075,/train_images_rembg/2076.jpg,73
2076,/train_images_rembg/2077.jpg,73
2077,/train_images_rembg/2078.jpg,73
2078,/train_images_rembg/2079.jpg,73
2079,/train_images_rembg/2080.jpg,73
2080,/train_images_rembg/2081.jpg,73
2081,/train_images_rembg/2082.jpg,73
2082,/train_images_rembg/2083.jpg,73
2083,/train_images_rembg/2084.jpg,73
2084,/train_images_rembg/2085.jpg,74
2085,/train_images_rembg/2086.jpg,74
2086,/train_images_rembg/2087.jpg,74
2087,/train_images_rembg/2088.jpg,74
2088,/train_images_rembg/2089.jpg,74
2089,/train_images_rembg/2090.jpg,74
2090,/train_images_rembg/2091.jpg,74
2091,/train_images_rembg/2092.jpg,74
2092,/train_images_rembg/2093.jpg,74
2093,/train_images_rembg/2094.jpg,74
2094,/train_images_rembg/2095.jpg,74
2095,/train_images_rembg/2096.jpg,74
2096,/train_images_rembg/2097.jpg,74
2097,/train_images_rembg/2098.jpg,74
2098,/train_images_rembg/2099.jpg,74
2099,/train_images_rembg/2100.jpg,74
2100,/train_images_rembg/2101.jpg,74
2101,/train_images_rembg/2102.jpg,74
2102,/train_images_rembg/2103.jpg,74
2103,/train_images_rembg/2104.jpg,74
2104,/train_images_rembg/2105.jpg,74
2105,/train_images_rembg/2106.jpg,74
2106,/train_images_rembg/2107.jpg,74
2107,/train_images_rembg/2108.jpg,74
2108,/train_images_rembg/2109.jpg,75
2109,/train_images_rembg/2110.jpg,75
2110,/train_images_rembg/2111.jpg,75
2111,/train_images_rembg/2112.jpg,75
2112,/train_images_rembg/2113.jpg,75
2113,/train_images_rembg/2114.jpg,75
2114,/train_images_rembg/2115.jpg,75
2115,/train_images_rembg/2116.jpg,75
2116,/train_images_rembg/2117.jpg,75
2117,/train_images_rembg/2118.jpg,75
2118,/train_images_rembg/2119.jpg,75
2119,/train_images_rembg/2120.jpg,75
2120,/train_images_rembg/2121.jpg,75
2121,/train_images_rembg/2122.jpg,75
2122,/train_images_rembg/2123.jpg,75
2123,/train_images_rembg/2124.jpg,75
2124,/train_images_rembg/2125.jpg,75
2125,/train_images_rembg/2126.jpg,75
2126,/train_images_rembg/2127.jpg,75
2127,/train_images_rembg/2128.jpg,75
2128,/train_images_rembg/2129.jpg,75
2129,/train_images_rembg/2130.jpg,75
2130,/train_images_rembg/2131.jpg,75
2131,/train_images_rembg/2132.jpg,75
2132,/train_images_rembg/2133.jpg,76
2133,/train_images_rembg/2134.jpg,76
2134,/train_images_rembg/2135.jpg,76
2135,/train_images_rembg/2136.jpg,76
2136,/train_images_rembg/2137.jpg,76
2137,/train_images_rembg/2138.jpg,76
2138,/train_images_rembg/2139.jpg,76
2139,/train_images_rembg/2140.jpg,76
2140,/train_images_rembg/2141.jpg,76
2141,/train_images_rembg/2142.jpg,76
2142,/train_images_rembg/2143.jpg,76
2143,/train_images_rembg/2144.jpg,76
2144,/train_images_rembg/2145.jpg,76
2145,/train_images_rembg/2146.jpg,76
2146,/train_images_rembg/2147.jpg,76
2147,/train_images_rembg/2148.jpg,76
2148,/train_images_rembg/2149.jpg,76
2149,/train_images_rembg/2150.jpg,76
2150,/train_images_rembg/2151.jpg,76
2151,/train_images_rembg/2152.jpg,76
2152,/train_images_rembg/2153.jpg,76
2153,/train_images_rembg/2154.jpg,76
2154,/train_images_rembg/2155.jpg,76
2155,/train_images_rembg/2156.jpg,76
2156,/train_images_rembg/2157.jpg,77
2157,/train_images_rembg/2158.jpg,77
2158,/train_images_rembg/2159.jpg,77
2159,/train_images_rembg/2160.jpg,77
2160,/train_images_rembg/2161.jpg,77
2161,/train_images_rembg/2162.jpg,77
2162,/train_images_rembg/2163.jpg,77
2163,/train_images_rembg/2164.jpg,77
2164,/train_images_rembg/2165.jpg,77
2165,/train_images_rembg/2166.jpg,77
2166,/train_images_rembg/2167.jpg,77
2167,/train_images_rembg/2168.jpg,77
2168,/train_images_rembg/2169.jpg,77
2169,/train_images_rembg/2170.jpg,77
2170,/train_images_rembg/2171.jpg,77
2171,/train_images_rembg/2172.jpg,77
2172,/train_images_rembg/2173.jpg,77
2173,/train_images_rembg/2174.jpg,77
2174,/train_images_rembg/2175.jpg,77
2175,/train_images_rembg/2176.jpg,77
2176,/train_images_rembg/2177.jpg,77
2177,/train_images_rembg/2178.jpg,77
2178,/train_images_rembg/2179.jpg,77
2179,/train_images_rembg/2180.jpg,77
2180,/train_images_rembg/2181.jpg,78
2181,/train_images_rembg/2182.jpg,78
2182,/train_images_rembg/2183.jpg,78
2183,/train_images_rembg/2184.jpg,78
2184,/train_images_rembg/2185.jpg,78
2185,/train_images_rembg/2186.jpg,78
2186,/train_images_rembg/2187.jpg,78
2187,/train_images_rembg/2188.jpg,78
2188,/train_images_rembg/2189.jpg,78
2189,/train_images_rembg/2190.jpg,78
2190,/train_images_rembg/2191.jpg,78
2191,/train_images_rembg/2192.jpg,78
2192,/train_images_rembg/2193.jpg,78
2193,/train_images_rembg/2194.jpg,78
2194,/train_images_rembg/2195.jpg,78
2195,/train_images_rembg/2196.jpg,78
2196,/train_images_rembg/2197.jpg,78
2197,/train_images_rembg/2198.jpg,78
2198,/train_images_rembg/2199.jpg,78
2199,/train_images_rembg/2200.jpg,78
2200,/train_images_rembg/2201.jpg,78
2201,/train_images_rembg/2202.jpg,78
2202,/train_images_rembg/2203.jpg,78
2203,/train_images_rembg/2204.jpg,79
2204,/train_images_rembg/2205.jpg,79
2205,/train_images_rembg/2206.jpg,79
2206,/train_images_rembg/2207.jpg,79
2207,/train_images_rembg/2208.jpg,79
2208,/train_images_rembg/2209.jpg,79
2209,/train_images_rembg/2210.jpg,79
2210,/train_images_rembg/2211.jpg,79
2211,/train_images_rembg/2212.jpg,79
2212,/train_images_rembg/2213.jpg,79
2213,/train_images_rembg/2214.jpg,79
2214,/train_images_rembg/2215.jpg,79
2215,/train_images_rembg/2216.jpg,79
2216,/train_images_rembg/2217.jpg,79
2217,/train_images_rembg/2218.jpg,79
2218,/train_images_rembg/2219.jpg,79
2219,/train_images_rembg/2220.jpg,79
2220,/train_images_rembg/2221.jpg,79
2221,/train_images_rembg/2222.jpg,79
2222,/train_images_rembg/2223.jpg,79
2223,/train_images_rembg/2224.jpg,79
2224,/train_images_rembg/2225.jpg,79
2225,/train_images_rembg/2226.jpg,79
2226,/train_images_rembg/2227.jpg,80
2227,/train_images_rembg/2228.jpg,80
2228,/train_images_rembg/2229.jpg,80
2229,/train_images_rembg/2230.jpg,80
2230,/train_images_rembg/2231.jpg,80
2231,/train_images_rembg/2232.jpg,80
2232,/train_images_rembg/2233.jpg,80
2233,/train_images_rembg/2234.jpg,80
2234,/train_images_rembg/2235.jpg,80
2235,/train_images_rembg/2236.jpg,80
2236,/train_images_rembg/2237.jpg,80
2237,/train_images_rembg/2238.jpg,80
2238,/train_images_rembg/2239.jpg,80
2239,/train_images_rembg/2240.jpg,80
2240,/train_images_rembg/2241.jpg,80
2241,/train_images_rembg/2242.jpg,80
2242,/train_images_rembg/2243.jpg,80
2243,/train_images_rembg/2244.jpg,80
2244,/train_images_rembg/2245.jpg,80
2245,/train_images_rembg/2246.jpg,80
2246,/train_images_rembg/2247.jpg,80
2247,/train_images_rembg/2248.jpg,80
2248,/train_images_rembg/2249.jpg,80
2249,/train_images_rembg/2250.jpg,81
2250,/train_images_rembg/2251.jpg,81
2251,/train_images_rembg/2252.jpg,81
2252,/train_images_rembg/2253.jpg,81
2253,/train_images_rembg/2254.jpg,81
2254,/train_images_rembg/2255.jpg,81
2255,/train_images_rembg/2256.jpg,81
2256,/train_images_rembg/2257.jpg,81
2257,/train_images_rembg/2258.jpg,81
2258,/train_images_rembg/2259.jpg,81
2259,/train_images_rembg/2260.jpg,81
2260,/train_images_rembg/2261.jpg,81
2261,/train_images_rembg/2262.jpg,81
2262,/train_images_rembg/2263.jpg,81
2263,/train_images_rembg/2264.jpg,81
2264,/train_images_rembg/2265.jpg,81
2265,/train_images_rembg/2266.jpg,81
2266,/train_images_rembg/2267.jpg,81
2267,/train_images_rembg/2268.jpg,81
2268,/train_images_rembg/2269.jpg,81
2269,/train_images_rembg/2270.jpg,81
2270,/train_images_rembg/2271.jpg,81
2271,/train_images_rembg/2272.jpg,81
2272,/train_images_rembg/2273.jpg,82
2273,/train_images_rembg/2274.jpg,82
2274,/train_images_rembg/2275.jpg,82
2275,/train_images_rembg/2276.jpg,82
2276,/train_images_rembg/2277.jpg,82
2277,/train_images_rembg/2278.jpg,82
2278,/train_images_rembg/2279.jpg,82
2279,/train_images_rembg/2280.jpg,82
2280,/train_images_rembg/2281.jpg,82
2281,/train_images_rembg/2282.jpg,82
2282,/train_images_rembg/2283.jpg,82
2283,/train_images_rembg/2284.jpg,82
2284,/train_images_rembg/2285.jpg,82
2285,/train_images_rembg/2286.jpg,82
2286,/train_images_rembg/2287.jpg,82
2287,/train_images_rembg/2288.jpg,82
2288,/train_images_rembg/2289.jpg,82
2289,/train_images_rembg/2290.jpg,82
2290,/train_images_rembg/2291.jpg,82
2291,/train_images_rembg/2292.jpg,82
2292,/train_images_rembg/2293.jpg,82
2293,/train_images_rembg/2294.jpg,82
2294,/train_images_rembg/2295.jpg,82
2295,/train_images_rembg/2296.jpg,83
2296,/train_images_rembg/2297.jpg,83
2297,/train_images_rembg/2298.jpg,83
2298,/train_images_rembg/2299.jpg,83
2299,/train_images_rembg/2300.jpg,83
2300,/train_images_rembg/2301.jpg,83
2301,/train_images_rembg/2302.jpg,83
2302,/train_images_rembg/2303.jpg,83
2303,/train_images_rembg/2304.jpg,83
2304,/train_images_rembg/2305.jpg,83
2305,/train_images_rembg/2306.jpg,83
2306,/train_images_rembg/2307.jpg,83
2307,/train_images_rembg/2308.jpg,83
2308,/train_images_rembg/2309.jpg,83
2309,/train_images_rembg/2310.jpg,83
2310,/train_images_rembg/2311.jpg,83
2311,/train_images_rembg/2312.jpg,83
2312,/train_images_rembg/2313.jpg,83
2313,/train_images_rembg/2314.jpg,83
2314,/train_images_rembg/2315.jpg,83
2315,/train_images_rembg/2316.jpg,83
2316,/train_images_rembg/2317.jpg,83
2317,/train_images_rembg/2318.jpg,83
2318,/train_images_rembg/2319.jpg,84
2319,/train_images_rembg/2320.jpg,84
2320,/train_images_rembg/2321.jpg,84
2321,/train_images_rembg/2322.jpg,84
2322,/train_images_rembg/2323.jpg,84
2323,/train_images_rembg/2324.jpg,84
2324,/train_images_rembg/2325.jpg,84
2325,/train_images_rembg/2326.jpg,84
2326,/train_images_rembg/2327.jpg,84
2327,/train_images_rembg/2328.jpg,84
2328,/train_images_rembg/2329.jpg,84
2329,/train_images_rembg/2330.jpg,84
2330,/train_images_rembg/2331.jpg,84
2331,/train_images_rembg/2332.jpg,84
2332,/train_images_rembg/2333.jpg,84
2333,/train_images_rembg/2334.jpg,84
2334,/train_images_rembg/2335.jpg,84
2335,/train_images_rembg/2336.jpg,84
2336,/train_images_rembg/2337.jpg,84
2337,/train_images_rembg/2338.jpg,84
2338,/train_images_rembg/2339.jpg,84
2339,/train_images_rembg/2340.jpg,84
2340,/train_images_rembg/2341.jpg,85
2341,/train_images_rembg/2342.jpg,85
2342,/train_images_rembg/2343.jpg,85
2343,/train_images_rembg/2344.jpg,85
2344,/train_images_rembg/2345.jpg,85
2345,/train_images_rembg/2346.jpg,85
2346,/train_images_rembg/2347.jpg,85
2347,/train_images_rembg/2348.jpg,85
2348,/train_images_rembg/2349.jpg,85
2349,/train_images_rembg/2350.jpg,85
2350,/train_images_rembg/2351.jpg,85
2351,/train_images_rembg/2352.jpg,85
2352,/train_images_rembg/2353.jpg,85
2353,/train_images_rembg/2354.jpg,85
2354,/train_images_rembg/2355.jpg,85
2355,/train_images_rembg/2356.jpg,85
2356,/train_images_rembg/2357.jpg,85
2357,/train_images_rembg/2358.jpg,85
2358,/train_images_rembg/2359.jpg,85
2359,/train_images_rembg/2360.jpg,85
2360,/train_images_rembg/2361.jpg,85
2361,/train_images_rembg/2362.jpg,85
2362,/train_images_rembg/2363.jpg,86
2363,/train_images_rembg/2364.jpg,86
2364,/train_images_rembg/2365.jpg,86
2365,/train_images_rembg/2366.jpg,86
2366,/train_images_rembg/2367.jpg,86
2367,/train_images_rembg/2368.jpg,86
2368,/train_images_rembg/2369.jpg,86
2369,/train_images_rembg/2370.jpg,86
2370,/train_images_rembg/2371.jpg,86
2371,/train_images_rembg/2372.jpg,86
2372,/train_images_rembg/2373.jpg,86
2373,/train_images_rembg/2374.jpg,86
2374,/train_images_rembg/2375.jpg,86
2375,/train_images_rembg/2376.jpg,86
2376,/train_images_rembg/2377.jpg,86
2377,/train_images_rembg/2378.jpg,86
2378,/train_images_rembg/2379.jpg,86
2379,/train_images_rembg/2380.jpg,86
2380,/train_images_rembg/2381.jpg,86
2381,/train_images_rembg/2382.jpg,86
2382,/train_images_rembg/2383.jpg,86
2383,/train_images_rembg/2384.jpg,86
2384,/train_images_rembg/2385.jpg,87
2385,/train_images_rembg/2386.jpg,87
2386,/train_images_rembg/2387.jpg,87
2387,/train_images_rembg/2388.jpg,87
2388,/train_images_rembg/2389.jpg,87
2389,/train_images_rembg/2390.jpg,87
2390,/train_images_rembg/2391.jpg,87
2391,/train_images_rembg/2392.jpg,87
2392,/train_images_rembg/2393.jpg,87
2393,/train_images_rembg/2394.jpg,87
2394,/train_images_rembg/2395.jpg,87
2395,/train_images_rembg/2396.jpg,87
2396,/train_images_rembg/2397.jpg,87
2397,/train_images_rembg/2398.jpg,87
2398,/train_images_rembg/2399.jpg,87
2399,/train_images_rembg/2400.jpg,87
2400,/train_images_rembg/2401.jpg,87
2401,/train_images_rembg/2402.jpg,87
2402,/train_images_rembg/2403.jpg,87
2403,/train_images_rembg/2404.jpg,87
2404,/train_images_rembg/2405.jpg,87
2405,/train_images_rembg/2406.jpg,87
2406,/train_images_rembg/2407.jpg,88
2407,/train_images_rembg/2408.jpg,88
2408,/train_images_rembg/2409.jpg,88
2409,/train_images_rembg/2410.jpg,88
2410,/train_images_rembg/2411.jpg,88
2411,/train_images_rembg/2412.jpg,88
2412,/train_images_rembg/2413.jpg,88
2413,/train_images_rembg/2414.jpg,88
2414,/train_images_rembg/2415.jpg,88
2415,/train_images_rembg/2416.jpg,88
2416,/train_images_rembg/2417.jpg,88
2417,/train_images_rembg/2418.jpg,88
2418,/train_images_rembg/2419.jpg,88
2419,/train_images_rembg/2420.jpg,88
2420,/train_images_rembg/2421.jpg,88
2421,/train_images_rembg/2422.jpg,88
2422,/train_images_rembg/2423.jpg,88
2423,/train_images_rembg/2424.jpg,88
2424,/train_images_rembg/2425.jpg,88
2425,/train_images_rembg/2426.jpg,88
2426,/train_images_rembg/2427.jpg,88
2427,/train_images_rembg/2428.jpg,88
2428,/train_images_rembg/2429.jpg,89
2429,/train_images_rembg/2430.jpg,89
2430,/train_images_rembg/2431.jpg,89
2431,/train_images_rembg/2432.jpg,89
2432,/train_images_rembg/2433.jpg,89
2433,/train_images_rembg/2434.jpg,89
2434,/train_images_rembg/2435.jpg,89
2435,/train_images_rembg/2436.jpg,89
2436,/train_images_rembg/2437.jpg,89
2437,/train_images_rembg/2438.jpg,89
2438,/train_images_rembg/2439.jpg,89
2439,/train_images_rembg/2440.jpg,89
2440,/train_images_rembg/2441.jpg,89
2441,/train_images_rembg/2442.jpg,89
2442,/train_images_rembg/2443.jpg,89
2443,/train_images_rembg/2444.jpg,89
2444,/train_images_rembg/2445.jpg,89
2445,/train_images_rembg/2446.jpg,89
2446,/train_images_rembg/2447.jpg,89
2447,/train_images_rembg/2448.jpg,89
2448,/train_images_rembg/2449.jpg,89
2449,/train_images_rembg/2450.jpg,89
2450,/train_images_rembg/2451.jpg,90
2451,/train_images_rembg/2452.jpg,90
2452,/train_images_rembg/2453.jpg,90
2453,/train_images_rembg/2454.jpg,90
2454,/train_images_rembg/2455.jpg,90
2455,/train_images_rembg/2456.jpg,90
2456,/train_images_rembg/2457.jpg,90
2457,/train_images_rembg/2458.jpg,90
2458,/train_images_rembg/2459.jpg,90
2459,/train_images_rembg/2460.jpg,90
2460,/train_images_rembg/2461.jpg,90
2461,/train_images_rembg/2462.jpg,90
2462,/train_images_rembg/2463.jpg,90
2463,/train_images_rembg/2464.jpg,90
2464,/train_images_rembg/2465.jpg,90
2465,/train_images_rembg/2466.jpg,90
2466,/train_images_rembg/2467.jpg,90
2467,/train_images_rembg/2468.jpg,90
2468,/train_images_rembg/2469.jpg,90
2469,/train_images_rembg/2470.jpg,90
2470,/train_images_rembg/2471.jpg,90
2471,/train_images_rembg/2472.jpg,90
2472,/train_images_rembg/2473.jpg,91
2473,/train_images_rembg/2474.jpg,91
2474,/train_images_rembg/2475.jpg,91
2475,/train_images_rembg/2476.jpg,91
2476,/train_images_rembg/2477.jpg,91
2477,/train_images_rembg/2478.jpg,91
2478,/train_images_rembg/2479.jpg,91
2479,/train_images_rembg/2480.jpg,91
2480,/train_images_rembg/2481.jpg,91
2481,/train_images_rembg/2482.jpg,91
2482,/train_images_rembg/2483.jpg,91
2483,/train_images_rembg/2484.jpg,91
2484,/train_images_rembg/2485.jpg,91
2485,/train_images_rembg/2486.jpg,91
2486,/train_images_rembg/2487.jpg,91
2487,/train_images_rembg/2488.jpg,91
2488,/train_images_rembg/2489.jpg,91
2489,/train_images_rembg/2490.jpg,91
2490,/train_images_rembg/2491.jpg,91
2491,/train_images_rembg/2492.jpg,91
2492,/train_images_rembg/2493.jpg,91
2493,/train_images_rembg/2494.jpg,92
2494,/train_images_rembg/2495.jpg,92
2495,/train_images_rembg/2496.jpg,92
2496,/train_images_rembg/2497.jpg,92
2497,/train_images_rembg/2498.jpg,92
2498,/train_images_rembg/2499.jpg,92
2499,/train_images_rembg/2500.jpg,92
2500,/train_images_rembg/2501.jpg,92
2501,/train_images_rembg/2502.jpg,92
2502,/train_images_rembg/2503.jpg,92
2503,/train_images_rembg/2504.jpg,92
2504,/train_images_rembg/2505.jpg,92
2505,/train_images_rembg/2506.jpg,92
2506,/train_images_rembg/2507.jpg,92
2507,/train_images_rembg/2508.jpg,92
2508,/train_images_rembg/2509.jpg,92
2509,/train_images_rembg/2510.jpg,92
2510,/train_images_rembg/2511.jpg,92
2511,/train_images_rembg/2512.jpg,92
2512,/train_images_rembg/2513.jpg,92
2513,/train_images_rembg/2514.jpg,92
2514,/train_images_rembg/2515.jpg,93
2515,/train_images_rembg/2516.jpg,93
2516,/train_images_rembg/2517.jpg,93
2517,/train_images_rembg/2518.jpg,93
2518,/train_images_rembg/2519.jpg,93
2519,/train_images_rembg/2520.jpg,93
2520,/train_images_rembg/2521.jpg,93
2521,/train_images_rembg/2522.jpg,93
2522,/train_images_rembg/2523.jpg,93
2523,/train_images_rembg/2524.jpg,93
2524,/train_images_rembg/2525.jpg,93
2525,/train_images_rembg/2526.jpg,93
2526,/train_images_rembg/2527.jpg,93
2527,/train_images_rembg/2528.jpg,93
2528,/train_images_rembg/2529.jpg,93
2529,/train_images_rembg/2530.jpg,93
2530,/train_images_rembg/2531.jpg,93
2531,/train_images_rembg/2532.jpg,93
2532,/train_images_rembg/2533.jpg,93
2533,/train_images_rembg/2534.jpg,93
2534,/train_images_rembg/2535.jpg,93
2535,/train_images_rembg/2536.jpg,94
2536,/train_images_rembg/2537.jpg,94
2537,/train_images_rembg/2538.jpg,94
2538,/train_images_rembg/2539.jpg,94
2539,/train_images_rembg/2540.jpg,94
2540,/train_images_rembg/2541.jpg,94
2541,/train_images_rembg/2542.jpg,94
2542,/train_images_rembg/2543.jpg,94
2543,/train_images_rembg/2544.jpg,94
2544,/train_images_rembg/2545.jpg,94
2545,/train_images_rembg/2546.jpg,94
2546,/train_images_rembg/2547.jpg,94
2547,/train_images_rembg/2548.jpg,94
2548,/train_images_rembg/2549.jpg,94
2549,/train_images_rembg/2550.jpg,94
2550,/train_images_rembg/2551.jpg,94
2551,/train_images_rembg/2552.jpg,94
2552,/train_images_rembg/2553.jpg,94
2553,/train_images_rembg/2554.jpg,94
2554,/train_images_rembg/2555.jpg,94
2555,/train_images_rembg/2556.jpg,94
2556,/train_images_rembg/2557.jpg,95
2557,/train_images_rembg/2558.jpg,95
2558,/train_images_rembg/2559.jpg,95
2559,/train_images_rembg/2560.jpg,95
2560,/train_images_rembg/2561.jpg,95
2561,/train_images_rembg/2562.jpg,95
2562,/train_images_rembg/2563.jpg,95
2563,/train_images_rembg/2564.jpg,95
2564,/train_images_rembg/2565.jpg,95
2565,/train_images_rembg/2566.jpg,95
2566,/train_images_rembg/2567.jpg,95
2567,/train_images_rembg/2568.jpg,95
2568,/train_images_rembg/2569.jpg,95
2569,/train_images_rembg/2570.jpg,95
2570,/train_images_rembg/2571.jpg,95
2571,/train_images_rembg/2572.jpg,95
2572,/train_images_rembg/2573.jpg,95
2573,/train_images_rembg/2574.jpg,95
2574,/train_images_rembg/2575.jpg,95
2575,/train_images_rembg/2576.jpg,95
2576,/train_images_rembg/2577.jpg,95
2577,/train_images_rembg/2578.jpg,96
2578,/train_images_rembg/2579.jpg,96
2579,/train_images_rembg/2580.jpg,96
2580,/train_images_rembg/2581.jpg,96
2581,/train_images_rembg/2582.jpg,96
2582,/train_images_rembg/2583.jpg,96
2583,/train_images_rembg/2584.jpg,96
2584,/train_images_rembg/2585.jpg,96
2585,/train_images_rembg/2586.jpg,96
2586,/train_images_rembg/2587.jpg,96
2587,/train_images_rembg/2588.jpg,96
2588,/train_images_rembg/2589.jpg,96
2589,/train_images_rembg/2590.jpg,96
2590,/train_images_rembg/2591.jpg,96
2591,/train_images_rembg/2592.jpg,96
2592,/train_images_rembg/2593.jpg,96
2593,/train_images_rembg/2594.jpg,96
2594,/train_images_rembg/2595.jpg,96
2595,/train_images_rembg/2596.jpg,96
2596,/train_images_rembg/2597.jpg,96
2597,/train_images_rembg/2598.jpg,96
2598,/train_images_rembg/2599.jpg,97
2599,/train_images_rembg/2600.jpg,97
2600,/train_images_rembg/2601.jpg,97
2601,/train_images_rembg/2602.jpg,97
2602,/train_images_rembg/2603.jpg,97
2603,/train_images_rembg/2604.jpg,97
2604,/train_images_rembg/2605.jpg,97
2605,/train_images_rembg/2606.jpg,97
2606,/train_images_rembg/2607.jpg,97
2607,/train_images_rembg/2608.jpg,97
2608,/train_images_rembg/2609.jpg,97
2609,/train_images_rembg/2610.jpg,97
2610,/train_images_rembg/2611.jpg,97
2611,/train_images_rembg/2612.jpg,97
2612,/train_images_rembg/2613.jpg,97
2613,/train_images_rembg/2614.jpg,97
2614,/train_images_rembg/2615.jpg,97
2615,/train_images_rembg/2616.jpg,97
2616,/train_images_rembg/2617.jpg,97
2617,/train_images_rembg/2618.jpg,97
2618,/train_images_rembg/2619.jpg,97
2619,/train_images_rembg/2620.jpg,98
2620,/train_images_rembg/2621.jpg,98
2621,/train_images_rembg/2622.jpg,98
2622,/train_images_rembg/2623.jpg,98
2623,/train_images_rembg/2624.jpg,98
2624,/train_images_rembg/2625.jpg,98
2625,/train_images_rembg/2626.jpg,98
2626,/train_images_rembg/2627.jpg,98
2627,/train_images_rembg/2628.jpg,98
2628,/train_images_rembg/2629.jpg,98
2629,/train_images_rembg/2630.jpg,98
2630,/train_images_rembg/2631.jpg,98
2631,/train_images_rembg/2632.jpg,98
2632,/train_images_rembg/2633.jpg,98
2633,/train_images_rembg/2634.jpg,98
2634,/train_images_rembg/2635.jpg,98
2635,/train_images_rembg/2636.jpg,98
2636,/train_images_rembg/2637.jpg,98
2637,/train_images_rembg/2638.jpg,98
2638,/train_images_rembg/2639.jpg,98
2639,/train_images_rembg/2640.jpg,99
2640,/train_images_rembg/2641.jpg,99
2641,/train_images_rembg/2642.jpg,99
2642,/train_images_rembg/2643.jpg,99
2643,/train_images_rembg/2644.jpg,99
2644,/train_images_rembg/2645.jpg,99
2645,/train_images_rembg/2646.jpg,99
2646,/train_images_rembg/2647.jpg,99
2647,/train_images_rembg/2648.jpg,99
2648,/train_images_rembg/2649.jpg,99
2649,/train_images_rembg/2650.jpg,99
2650,/train_images_rembg/2651.jpg,99
2651,/train_images_rembg/2652.jpg,99
2652,/train_images_rembg/2653.jpg,99
2653,/train_images_rembg/2654.jpg,99
2654,/train_images_rembg/2655.jpg,99
2655,/train_images_rembg/2656.jpg,99
2656,/train_images_rembg/2657.jpg,99
2657,/train_images_rembg/2658.jpg,99
2658,/train_images_rembg/2659.jpg,99
2659,/train_images_rembg/2660.jpg,100
2660,/train_images_rembg/2661.jpg,100
2661,/train_images_rembg/2662.jpg,100
2662,/train_images_rembg/2663.jpg,100
2663,/train_images_rembg/2664.jpg,100
2664,/train_images_rembg/2665.jpg,100
2665,/train_images_rembg/2666.jpg,100
2666,/train_images_rembg/2667.jpg,100
2667,/train_images_rembg/2668.jpg,100
2668,/train_images_rembg/2669.jpg,100
2669,/train_images_rembg/2670.jpg,100
2670,/train_images_rembg/2671.jpg,100
2671,/train_images_rembg/2672.jpg,100
2672,/train_images_rembg/2673.jpg,100
2673,/train_images_rembg/2674.jpg,100
2674,/train_images_rembg/2675.jpg,100
2675,/train_images_rembg/2676.jpg,100
2676,/train_images_rembg/2677.jpg,100
2677,/train_images_rembg/2678.jpg,100
2678,/train_images_rembg/2679.jpg,100
2679,/train_images_rembg/2680.jpg,101
2680,/train_images_rembg/2681.jpg,101
2681,/train_images_rembg/2682.jpg,101
2682,/train_images_rembg/2683.jpg,101
2683,/train_images_rembg/2684.jpg,101
2684,/train_images_rembg/2685.jpg,101
2685,/train_images_rembg/2686.jpg,101
2686,/train_images_rembg/2687.jpg,101
2687,/train_images_rembg/2688.jpg,101
2688,/train_images_rembg/2689.jpg,101
2689,/train_images_rembg/2690.jpg,101
2690,/train_images_rembg/2691.jpg,101
2691,/train_images_rembg/2692.jpg,101
2692,/train_images_rembg/2693.jpg,101
2693,/train_images_rembg/2694.jpg,101
2694,/train_images_rembg/2695.jpg,101
2695,/train_images_rembg/2696.jpg,101
2696,/train_images_rembg/2697.jpg,101
2697,/train_images_rembg/2698.jpg,101
2698,/train_images_rembg/2699.jpg,101
2699,/train_images_rembg/2700.jpg,102
2700,/train_images_rembg/2701.jpg,102
2701,/train_images_rembg/2702.jpg,102
2702,/train_images_rembg/2703.jpg,102
2703,/train_images_rembg/2704.jpg,102
2704,/train_images_rembg/2705.jpg,102
2705,/train_images_rembg/2706.jpg,102
2706,/train_images_rembg/2707.jpg,102
2707,/train_images_rembg/2708.jpg,102
2708,/train_images_rembg/2709.jpg,102
2709,/train_images_rembg/2710.jpg,102
2710,/train_images_rembg/2711.jpg,102
2711,/train_images_rembg/2712.jpg,102
2712,/train_images_rembg/2713.jpg,102
2713,/train_images_rembg/2714.jpg,102
2714,/train_images_rembg/2715.jpg,102
2715,/train_images_rembg/2716.jpg,102
2716,/train_images_rembg/2717.jpg,102
2717,/train_images_rembg/2718.jpg,102
2718,/train_images_rembg/2719.jpg,102
2719,/train_images_rembg/2720.jpg,103
2720,/train_images_rembg/2721.jpg,103
2721,/train_images_rembg/2722.jpg,103
2722,/train_images_rembg/2723.jpg,103
2723,/train_images_rembg/2724.jpg,103
2724,/train_images_rembg/2725.jpg,103
2725,/train_images_rembg/2726.jpg,103
2726,/train_images_rembg/2727.jpg,103
2727,/train_images_rembg/2728.jpg,103
2728,/train_images_rembg/2729.jpg,103
2729,/train_images_rembg/2730.jpg,103
2730,/train_images_rembg/2731.jpg,103
2731,/train_images_rembg/2732.jpg,103
2732,/train_images_rembg/2733.jpg,103
2733,/train_images_rembg/2734.jpg,103
2734,/train_images_rembg/2735.jpg,103
2735,/train_images_rembg/2736.jpg,103
2736,/train_images_rembg/2737.jpg,103
2737,/train_images_rembg/2738.jpg,103
2738,/train_images_rembg/2739.jpg,103
2739,/train_images_rembg/2740.jpg,104
2740,/train_images_rembg/2741.jpg,104
2741,/train_images_rembg/2742.jpg,104
2742,/train_images_rembg/2743.jpg,104
2743,/train_images_rembg/2744.jpg,104
2744,/train_images_rembg/2745.jpg,104
2745,/train_images_rembg/2746.jpg,104
2746,/train_images_rembg/2747.jpg,104
2747,/train_images_rembg/2748.jpg,104
2748,/train_images_rembg/2749.jpg,104
2749,/train_images_rembg/2750.jpg,104
2750,/train_images_rembg/2751.jpg,104
2751,/train_images_rembg/2752.jpg,104
2752,/train_images_rembg/2753.jpg,104
2753,/train_images_rembg/2754.jpg,104
2754,/train_images_rembg/2755.jpg,104
2755,/train_images_rembg/2756.jpg,104
2756,/train_images_rembg/2757.jpg,104
2757,/train_images_rembg/2758.jpg,104
2758,/train_images_rembg/2759.jpg,105
2759,/train_images_rembg/2760.jpg,105
2760,/train_images_rembg/2761.jpg,105
2761,/train_images_rembg/2762.jpg,105
2762,/train_images_rembg/2763.jpg,105
2763,/train_images_rembg/2764.jpg,105
2764,/train_images_rembg/2765.jpg,105
2765,/train_images_rembg/2766.jpg,105
2766,/train_images_rembg/2767.jpg,105
2767,/train_images_rembg/2768.jpg,105
2768,/train_images_rembg/2769.jpg,105
2769,/train_images_rembg/2770.jpg,105
2770,/train_images_rembg/2771.jpg,105
2771,/train_images_rembg/2772.jpg,105
2772,/train_images_rembg/2773.jpg,105
2773,/train_images_rembg/2774.jpg,105
2774,/train_images_rembg/2775.jpg,105
2775,/train_images_rembg/2776.jpg,105
2776,/train_images_rembg/2777.jpg,105
2777,/train_images_rembg/2778.jpg,106
2778,/train_images_rembg/2779.jpg,106
2779,/train_images_rembg/2780.jpg,106
2780,/train_images_rembg/2781.jpg,106
2781,/train_images_rembg/2782.jpg,106
2782,/train_images_rembg/2783.jpg,106
2783,/train_images_rembg/2784.jpg,106
2784,/train_images_rembg/2785.jpg,106
2785,/train_images_rembg/2786.jpg,106
2786,/train_images_rembg/2787.jpg,106
2787,/train_images_rembg/2788.jpg,106
2788,/train_images_rembg/2789.jpg,106
2789,/train_images_rembg/2790.jpg,106
2790,/train_images_rembg/2791.jpg,106
2791,/train_images_rembg/2792.jpg,106
2792,/train_images_rembg/2793.jpg,106
2793,/train_images_rembg/2794.jpg,106
2794,/train_images_rembg/2795.jpg,106
2795,/train_images_rembg/2796.jpg,106
2796,/train_images_rembg/2797.jpg,107
2797,/train_images_rembg/2798.jpg,107
2798,/train_images_rembg/2799.jpg,107
2799,/train_images_rembg/2800.jpg,107
2800,/train_images_rembg/2801.jpg,107
2801,/train_images_rembg/2802.jpg,107
2802,/train_images_rembg/2803.jpg,107
2803,/train_images_rembg/2804.jpg,107
2804,/train_images_rembg/2805.jpg,107
2805,/train_images_rembg/2806.jpg,107
2806,/train_images_rembg/2807.jpg,107
2807,/train_images_rembg/2808.jpg,107
2808,/train_images_rembg/2809.jpg,107
2809,/train_images_rembg/2810.jpg,107
2810,/train_images_rembg/2811.jpg,107
2811,/train_images_rembg/2812.jpg,107
2812,/train_images_rembg/2813.jpg,107
2813,/train_images_rembg/2814.jpg,107
2814,/train_images_rembg/2815.jpg,107
2815,/train_images_rembg/2816.jpg,108
2816,/train_images_rembg/2817.jpg,108
2817,/train_images_rembg/2818.jpg,108
2818,/train_images_rembg/2819.jpg,108
2819,/train_images_rembg/2820.jpg,108
2820,/train_images_rembg/2821.jpg,108
2821,/train_images_rembg/2822.jpg,108
2822,/train_images_rembg/2823.jpg,108
2823,/train_images_rembg/2824.jpg,108
2824,/train_images_rembg/2825.jpg,108
2825,/train_images_rembg/2826.jpg,108
2826,/train_images_rembg/2827.jpg,108
2827,/train_images_rembg/2828.jpg,108
2828,/train_images_rembg/2829.jpg,108
2829,/train_images_rembg/2830.jpg,108
2830,/train_images_rembg/2831.jpg,108
2831,/train_images_rembg/2832.jpg,108
2832,/train_images_rembg/2833.jpg,108
2833,/train_images_rembg/2834.jpg,108
2834,/train_images_rembg/2835.jpg,109
2835,/train_images_rembg/2836.jpg,109
2836,/train_images_rembg/2837.jpg,109
2837,/train_images_rembg/2838.jpg,109
2838,/train_images_rembg/2839.jpg,109
2839,/train_images_rembg/2840.jpg,109
2840,/train_images_rembg/2841.jpg,109
2841,/train_images_rembg/2842.jpg,109
2842,/train_images_rembg/2843.jpg,109
2843,/train_images_rembg/2844.jpg,109
2844,/train_images_rembg/2845.jpg,109
2845,/train_images_rembg/2846.jpg,109
2846,/train_images_rembg/2847.jpg,109
2847,/train_images_rembg/2848.jpg,109
2848,/train_images_rembg/2849.jpg,109
2849,/train_images_rembg/2850.jpg,109
2850,/train_images_rembg/2851.jpg,109
2851,/train_images_rembg/2852.jpg,109
2852,/train_images_rembg/2853.jpg,109
2853,/train_images_rembg/2854.jpg,110
2854,/train_images_rembg/2855.jpg,110
2855,/train_images_rembg/2856.jpg,110
2856,/train_images_rembg/2857.jpg,110
2857,/train_images_rembg/2858.jpg,110
2858,/train_images_rembg/2859.jpg,110
2859,/train_images_rembg/2860.jpg,110
2860,/train_images_rembg/2861.jpg,110
2861,/train_images_rembg/2862.jpg,110
2862,/train_images_rembg/2863.jpg,110
2863,/train_images_rembg/2864.jpg,110
2864,/train_images_rembg/2865.jpg,110
2865,/train_images_rembg/2866.jpg,110
2866,/train_images_rembg/2867.jpg,110
2867,/train_images_rembg/2868.jpg,110
2868,/train_images_rembg/2869.jpg,110
2869,/train_images_rembg/2870.jpg,110
2870,/train_images_rembg/2871.jpg,110
2871,/train_images_rembg/2872.jpg,110
2872,/train_images_rembg/2873.jpg,111
2873,/train_images_rembg/2874.jpg,111
2874,/train_images_rembg/2875.jpg,111
2875,/train_images_rembg/2876.jpg,111
2876,/train_images_rembg/2877.jpg,111
2877,/train_images_rembg/2878.jpg,111
2878,/train_images_rembg/2879.jpg,111
2879,/train_images_rembg/2880.jpg,111
2880,/train_images_rembg/2881.jpg,111
2881,/train_images_rembg/2882.jpg,111
2882,/train_images_rembg/2883.jpg,111
2883,/train_images_rembg/2884.jpg,111
2884,/train_images_rembg/2885.jpg,111
2885,/train_images_rembg/2886.jpg,111
2886,/train_images_rembg/2887.jpg,111
2887,/train_images_rembg/2888.jpg,111
2888,/train_images_rembg/2889.jpg,111
2889,/train_images_rembg/2890.jpg,111
2890,/train_images_rembg/2891.jpg,112
2891,/train_images_rembg/2892.jpg,112
2892,/train_images_rembg/2893.jpg,112
2893,/train_images_rembg/2894.jpg,112
2894,/train_images_rembg/2895.jpg,112
2895,/train_images_rembg/2896.jpg,112
2896,/train_images_rembg/2897.jpg,112
2897,/train_images_rembg/2898.jpg,112
2898,/train_images_rembg/2899.jpg,112
2899,/train_images_rembg/2900.jpg,112
2900,/train_images_rembg/2901.jpg,112
2901,/train_images_rembg/2902.jpg,112
2902,/train_images_rembg/2903.jpg,112
2903,/train_images_rembg/2904.jpg,112
2904,/train_images_rembg/2905.jpg,112
2905,/train_images_rembg/2906.jpg,112
2906,/train_images_rembg/2907.jpg,112
2907,/train_images_rembg/2908.jpg,112
2908,/train_images_rembg/2909.jpg,113
2909,/train_images_rembg/2910.jpg,113
2910,/train_images_rembg/2911.jpg,113
2911,/train_images_rembg/2912.jpg,113
2912,/train_images_rembg/2913.jpg,113
2913,/train_images_rembg/2914.jpg,113
2914,/train_images_rembg/2915.jpg,113
2915,/train_images_rembg/2916.jpg,113
2916,/train_images_rembg/2917.jpg,113
2917,/train_images_rembg/2918.jpg,113
2918,/train_images_rembg/2919.jpg,113
2919,/train_images_rembg/2920.jpg,113
2920,/train_images_rembg/2921.jpg,113
2921,/train_images_rembg/2922.jpg,113
2922,/train_images_rembg/2923.jpg,113
2923,/train_images_rembg/2924.jpg,113
2924,/train_images_rembg/2925.jpg,113
2925,/train_images_rembg/2926.jpg,113
2926,/train_images_rembg/2927.jpg,114
2927,/train_images_rembg/2928.jpg,114
2928,/train_images_rembg/2929.jpg,114
2929,/train_images_rembg/2930.jpg,114
2930,/train_images_rembg/2931.jpg,114
2931,/train_images_rembg/2932.jpg,114
2932,/train_images_rembg/2933.jpg,114
2933,/train_images_rembg/2934.jpg,114
2934,/train_images_rembg/2935.jpg,114
2935,/train_images_rembg/2936.jpg,114
2936,/train_images_rembg/2937.jpg,114
2937,/train_images_rembg/2938.jpg,114
2938,/train_images_rembg/2939.jpg,114
2939,/train_images_rembg/2940.jpg,114
2940,/train_images_rembg/2941.jpg,114
2941,/train_images_rembg/2942.jpg,114
2942,/train_images_rembg/2943.jpg,114
2943,/train_images_rembg/2944.jpg,114
2944,/train_images_rembg/2945.jpg,115
2945,/train_images_rembg/2946.jpg,115
2946,/train_images_rembg/2947.jpg,115
2947,/train_images_rembg/2948.jpg,115
2948,/train_images_rembg/2949.jpg,115
2949,/train_images_rembg/2950.jpg,115
2950,/train_images_rembg/2951.jpg,115
2951,/train_images_rembg/2952.jpg,115
2952,/train_images_rembg/2953.jpg,115
2953,/train_images_rembg/2954.jpg,115
2954,/train_images_rembg/2955.jpg,115
2955,/train_images_rembg/2956.jpg,115
2956,/train_images_rembg/2957.jpg,115
2957,/train_images_rembg/2958.jpg,115
2958,/train_images_rembg/2959.jpg,115
2959,/train_images_rembg/2960.jpg,115
2960,/train_images_rembg/2961.jpg,115
2961,/train_images_rembg/2962.jpg,115
2962,/train_images_rembg/2963.jpg,116
2963,/train_images_rembg/2964.jpg,116
2964,/train_images_rembg/2965.jpg,116
2965,/train_images_rembg/2966.jpg,116
2966,/train_images_rembg/2967.jpg,116
2967,/train_images_rembg/2968.jpg,116
2968,/train_images_rembg/2969.jpg,116
2969,/train_images_rembg/2970.jpg,116
2970,/train_images_rembg/2971.jpg,116
2971,/train_images_rembg/2972.jpg,116
2972,/train_images_rembg/2973.jpg,116
2973,/train_images_rembg/2974.jpg,116
2974,/train_images_rembg/2975.jpg,116
2975,/train_images_rembg/2976.jpg,116
2976,/train_images_rembg/2977.jpg,116
2977,/train_images_rembg/2978.jpg,116
2978,/train_images_rembg/2979.jpg,116
2979,/train_images_rembg/2980.jpg,116
2980,/train_images_rembg/2981.jpg,117
2981,/train_images_rembg/2982.jpg,117
2982,/train_images_rembg/2983.jpg,117
2983,/train_images_rembg/2984.jpg,117
2984,/train_images_rembg/2985.jpg,117
2985,/train_images_rembg/2986.jpg,117
2986,/train_images_rembg/2987.jpg,117
2987,/train_images_rembg/2988.jpg,117
2988,/train_images_rembg/2989.jpg,117
2989,/train_images_rembg/2990.jpg,117
2990,/train_images_rembg/2991.jpg,117
2991,/train_images_rembg/2992.jpg,117
2992,/train_images_rembg/2993.jpg,117
2993,/train_images_rembg/2994.jpg,117
2994,/train_images_rembg/2995.jpg,117
2995,/train_images_rembg/2996.jpg,117
2996,/train_images_rembg/2997.jpg,117
2997,/train_images_rembg/2998.jpg,117
2998,/train_images_rembg/2999.jpg,118
2999,/train_images_rembg/3000.jpg,118
3000,/train_images_rembg/3001.jpg,118
3001,/train_images_rembg/3002.jpg,118
3002,/train_images_rembg/3003.jpg,118
3003,/train_images_rembg/3004.jpg,118
3004,/train_images_rembg/3005.jpg,118
3005,/train_images_rembg/3006.jpg,118
3006,/train_images_rembg/3007.jpg,118
3007,/train_images_rembg/3008.jpg,118
3008,/train_images_rembg/3009.jpg,118
3009,/train_images_rembg/3010.jpg,118
3010,/train_images_rembg/3011.jpg,118
3011,/train_images_rembg/3012.jpg,118
3012,/train_images_rembg/3013.jpg,118
3013,/train_images_rembg/3014.jpg,118
3014,/train_images_rembg/3015.jpg,118
3015,/train_images_rembg/3016.jpg,119
3016,/train_images_rembg/3017.jpg,119
3017,/train_images_rembg/3018.jpg,119
3018,/train_images_rembg/3019.jpg,119
3019,/train_images_rembg/3020.jpg,119
3020,/train_images_rembg/3021.jpg,119
3021,/train_images_rembg/3022.jpg,119
3022,/train_images_rembg/3023.jpg,119
3023,/train_images_rembg/3024.jpg,119
3024,/train_images_rembg/3025.jpg,119
3025,/train_images_rembg/3026.jpg,119
3026,/train_images_rembg/3027.jpg,119
3027,/train_images_rembg/3028.jpg,119
3028,/train_images_rembg/3029.jpg,119
3029,/train_images_rembg/3030.jpg,119
3030,/train_images_rembg/3031.jpg,119
3031,/train_images_rembg/3032.jpg,119
3032,/train_images_rembg/3033.jpg,120
3033,/train_images_rembg/3034.jpg,120
3034,/train_images_rembg/3035.jpg,120
3035,/train_images_rembg/3036.jpg,120
3036,/train_images_rembg/3037.jpg,120
3037,/train_images_rembg/3038.jpg,120
3038,/train_images_rembg/3039.jpg,120
3039,/train_images_rembg/3040.jpg,120
3040,/train_images_rembg/3041.jpg,120
3041,/train_images_rembg/3042.jpg,120
3042,/train_images_rembg/3043.jpg,120
3043,/train_images_rembg/3044.jpg,120
3044,/train_images_rembg/3045.jpg,120
3045,/train_images_rembg/3046.jpg,120
3046,/train_images_rembg/3047.jpg,120
3047,/train_images_rembg/3048.jpg,120
3048,/train_images_rembg/3049.jpg,120
3049,/train_images_rembg/3050.jpg,121
3050,/train_images_rembg/3051.jpg,121
3051,/train_images_rembg/3052.jpg,121
3052,/train_images_rembg/3053.jpg,121
3053,/train_images_rembg/3054.jpg,121
3054,/train_images_rembg/3055.jpg,121
3055,/train_images_rembg/3056.jpg,121
3056,/train_images_rembg/3057.jpg,121
3057,/train_images_rembg/3058.jpg,121
3058,/train_images_rembg/3059.jpg,121
3059,/train_images_rembg/3060.jpg,121
3060,/train_images_rembg/3061.jpg,121
3061,/train_images_rembg/3062.jpg,121
3062,/train_images_rembg/3063.jpg,121
3063,/train_images_rembg/3064.jpg,121
3064,/train_images_rembg/3065.jpg,121
3065,/train_images_rembg/3066.jpg,121
3066,/train_images_rembg/3067.jpg,122
3067,/train_images_rembg/3068.jpg,122
3068,/train_images_rembg/3069.jpg,122
3069,/train_images_rembg/3070.jpg,122
3070,/train_images_rembg/3071.jpg,122
3071,/train_images_rembg/3072.jpg,122
3072,/train_images_rembg/3073.jpg,122
3073,/train_images_rembg/3074.jpg,122
3074,/train_images_rembg/3075.jpg,122
3075,/train_images_rembg/3076.jpg,122
3076,/train_images_rembg/3077.jpg,122
3077,/train_images_rembg/3078.jpg,122
3078,/train_images_rembg/3079.jpg,122
3079,/train_images_rembg/3080.jpg,122
3080,/train_images_rembg/3081.jpg,122
3081,/train_images_rembg/3082.jpg,122
3082,/train_images_rembg/3083.jpg,122
3083,/train_images_rembg/3084.jpg,123
3084,/train_images_rembg/3085.jpg,123
3085,/train_images_rembg/3086.jpg,123
3086,/train_images_rembg/3087.jpg,123
3087,/train_images_rembg/3088.jpg,123
3088,/train_images_rembg/3089.jpg,123
3089,/train_images_rembg/3090.jpg,123
3090,/train_images_rembg/3091.jpg,123
3091,/train_images_rembg/3092.jpg,123
3092,/train_images_rembg/3093.jpg,123
3093,/train_images_rembg/3094.jpg,123
3094,/train_images_rembg/3095.jpg,123
3095,/train_images_rembg/3096.jpg,123
3096,/train_images_rembg/3097.jpg,123
3097,/train_images_rembg/3098.jpg,123
3098,/train_images_rembg/3099.jpg,123
3099,/train_images_rembg/3100.jpg,123
3100,/train_images_rembg/3101.jpg,124
3101,/train_images_rembg/3102.jpg,124
3102,/train_images_rembg/3103.jpg,124
3103,/train_images_rembg/3104.jpg,124
3104,/train_images_rembg/3105.jpg,124
3105,/train_images_rembg/3106.jpg,124
3106,/train_images_rembg/3107.jpg,124
3107,/train_images_rembg/3108.jpg,124
3108,/train_images_rembg/3109.jpg,124
3109,/train_images_rembg/3110.jpg,124
3110,/train_images_rembg/3111.jpg,124
3111,/train_images_rembg/3112.jpg,124
3112,/train_images_rembg/3113.jpg,124
3113,/train_images_rembg/3114.jpg,124
3114,/train_images_rembg/3115.jpg,124
3115,/train_images_rembg/3116.jpg,124
3116,/train_images_rembg/3117.jpg,125
3117,/train_images_rembg/3118.jpg,125
3118,/train_images_rembg/3119.jpg,125
3119,/train_images_rembg/3120.jpg,125
3120,/train_images_rembg/3121.jpg,125
3121,/train_images_rembg/3122.jpg,125
3122,/train_images_rembg/3123.jpg,125
3123,/train_images_rembg/3124.jpg,125
3124,/train_images_rembg/3125.jpg,125
3125,/train_images_rembg/3126.jpg,125
3126,/train_images_rembg/3127.jpg,125
3127,/train_images_rembg/3128.jpg,125
3128,/train_images_rembg/3129.jpg,125
3129,/train_images_rembg/3130.jpg,125
3130,/train_images_rembg/3131.jpg,125
3131,/train_images_rembg/3132.jpg,125
3132,/train_images_rembg/3133.jpg,126
3133,/train_images_rembg/3134.jpg,126
3134,/train_images_rembg/3135.jpg,126
3135,/train_images_rembg/3136.jpg,126
3136,/train_images_rembg/3137.jpg,126
3137,/train_images_rembg/3138.jpg,126
3138,/train_images_rembg/3139.jpg,126
3139,/train_images_rembg/3140.jpg,126
3140,/train_images_rembg/3141.jpg,126
3141,/train_images_rembg/3142.jpg,126
3142,/train_images_rembg/3143.jpg,126
3143,/train_images_rembg/3144.jpg,126
3144,/train_images_rembg/3145.jpg,126
3145,/train_images_rembg/3146.jpg,126
3146,/train_images_rembg/3147.jpg,126
3147,/train_images_rembg/3148.jpg,126
3148,/train_images_rembg/3149.jpg,127
3149,/train_images_rembg/3150.jpg,127
3150,/train_images_rembg/3151.jpg,127
3151,/train_images_rembg/3152.jpg,127
3152,/train_images_rembg/3153.jpg,127
3153,/train_images_rembg/3154.jpg,127
3154,/train_images_rembg/3155.jpg,127
3155,/train_images_rembg/3156.jpg,127
3156,/train_images_rembg/3157.jpg,127
3157,/train_images_rembg/3158.jpg,127
3158,/train_images_rembg/3159.jpg,127
3159,/train_images_rembg/3160.jpg,127
3160,/train_images_rembg/3161.jpg,127
3161,/train_images_rembg/3162.jpg,127
3162,/train_images_rembg/3163.jpg,127
3163,/train_images_rembg/3164.jpg,127
3164,/train_images_rembg/3165.jpg,128
3165,/train_images_rembg/3166.jpg,128
3166,/train_images_rembg/3167.jpg,128
3167,/train_images_rembg/3168.jpg,128
3168,/train_images_rembg/3169.jpg,128
3169,/train_images_rembg/3170.jpg,128
3170,/train_images_rembg/3171.jpg,128
3171,/train_images_rembg/3172.jpg,128
3172,/train_images_rembg/3173.jpg,128
3173,/train_images_rembg/3174.jpg,128
3174,/train_images_rembg/3175.jpg,128
3175,/train_images_rembg/3176.jpg,128
3176,/train_images_rembg/3177.jpg,128
3177,/train_images_rembg/3178.jpg,128
3178,/train_images_rembg/3179.jpg,128
3179,/train_images_rembg/3180.jpg,128
3180,/train_images_rembg/3181.jpg,129
3181,/train_images_rembg/3182.jpg,129
3182,/train_images_rembg/3183.jpg,129
3183,/train_images_rembg/3184.jpg,129
3184,/train_images_rembg/3185.jpg,129
3185,/train_images_rembg/3186.jpg,129
3186,/train_images_rembg/3187.jpg,129
3187,/train_images_rembg/3188.jpg,129
3188,/train_images_rembg/3189.jpg,129
3189,/train_images_rembg/3190.jpg,129
3190,/train_images_rembg/3191.jpg,129
3191,/train_images_rembg/3192.jpg,129
3192,/train_images_rembg/3193.jpg,129
3193,/train_images_rembg/3194.jpg,129
3194,/train_images_rembg/3195.jpg,129
3195,/train_images_rembg/3196.jpg,129
3196,/train_images_rembg/3197.jpg,130
3197,/train_images_rembg/3198.jpg,130
3198,/train_images_rembg/3199.jpg,130
3199,/train_images_rembg/3200.jpg,130
3200,/train_images_rembg/3201.jpg,130
3201,/train_images_rembg/3202.jpg,130
3202,/train_images_rembg/3203.jpg,130
3203,/train_images_rembg/3204.jpg,130
3204,/train_images_rembg/3205.jpg,130
3205,/train_images_rembg/3206.jpg,130
3206,/train_images_rembg/3207.jpg,130
3207,/train_images_rembg/3208.jpg,130
3208,/train_images_rembg/3209.jpg,130
3209,/train_images_rembg/3210.jpg,130
3210,/train_images_rembg/3211.jpg,130
3211,/train_images_rembg/3212.jpg,130
3212,/train_images_rembg/3213.jpg,131
3213,/train_images_rembg/3214.jpg,131
3214,/train_images_rembg/3215.jpg,131
3215,/train_images_rembg/3216.jpg,131
3216,/train_images_rembg/3217.jpg,131
3217,/train_images_rembg/3218.jpg,131
3218,/train_images_rembg/3219.jpg,131
3219,/train_images_rembg/3220.jpg,131
3220,/train_images_rembg/3221.jpg,131
3221,/train_images_rembg/3222.jpg,131
3222,/train_images_rembg/3223.jpg,131
3223,/train_images_rembg/3224.jpg,131
3224,/train_images_rembg/3225.jpg,131
3225,/train_images_rembg/3226.jpg,131
3226,/train_images_rembg/3227.jpg,131
3227,/train_images_rembg/3228.jpg,132
3228,/train_images_rembg/3229.jpg,132
3229,/train_images_rembg/3230.jpg,132
3230,/train_images_rembg/3231.jpg,132
3231,/train_images_rembg/3232.jpg,132
3232,/train_images_rembg/3233.jpg,132
3233,/train_images_rembg/3234.jpg,132
3234,/train_images_rembg/3235.jpg,132
3235,/train_images_rembg/3236.jpg,132
3236,/train_images_rembg/3237.jpg,132
3237,/train_images_rembg/3238.jpg,132
3238,/train_images_rembg/3239.jpg,132
3239,/train_images_rembg/3240.jpg,132
3240,/train_images_rembg/3241.jpg,132
3241,/train_images_rembg/3242.jpg,132
3242,/train_images_rembg/3243.jpg,133
3243,/train_images_rembg/3244.jpg,133
3244,/train_images_rembg/3245.jpg,133
3245,/train_images_rembg/3246.jpg,133
3246,/train_images_rembg/3247.jpg,133
3247,/train_images_rembg/3248.jpg,133
3248,/train_images_rembg/3249.jpg,133
3249,/train_images_rembg/3250.jpg,133
3250,/train_images_rembg/3251.jpg,133
3251,/train_images_rembg/3252.jpg,133
3252,/train_images_rembg/3253.jpg,133
3253,/train_images_rembg/3254.jpg,133
3254,/train_images_rembg/3255.jpg,133
3255,/train_images_rembg/3256.jpg,133
3256,/train_images_rembg/3257.jpg,133
3257,/train_images_rembg/3258.jpg,134
3258,/train_images_rembg/3259.jpg,134
3259,/train_images_rembg/3260.jpg,134
3260,/train_images_rembg/3261.jpg,134
3261,/train_images_rembg/3262.jpg,134
3262,/train_images_rembg/3263.jpg,134
3263,/train_images_rembg/3264.jpg,134
3264,/train_images_rembg/3265.jpg,134
3265,/train_images_rembg/3266.jpg,134
3266,/train_images_rembg/3267.jpg,134
3267,/train_images_rembg/3268.jpg,134
3268,/train_images_rembg/3269.jpg,134
3269,/train_images_rembg/3270.jpg,134
3270,/train_images_rembg/3271.jpg,134
3271,/train_images_rembg/3272.jpg,134
3272,/train_images_rembg/3273.jpg,135
3273,/train_images_rembg/3274.jpg,135
3274,/train_images_rembg/3275.jpg,135
3275,/train_images_rembg/3276.jpg,135
3276,/train_images_rembg/3277.jpg,135
3277,/train_images_rembg/3278.jpg,135
3278,/train_images_rembg/3279.jpg,135
3279,/train_images_rembg/3280.jpg,135
3280,/train_images_rembg/3281.jpg,135
3281,/train_images_rembg/3282.jpg,135
3282,/train_images_rembg/3283.jpg,135
3283,/train_images_rembg/3284.jpg,135
3284,/train_images_rembg/3285.jpg,135
3285,/train_images_rembg/3286.jpg,135
3286,/train_images_rembg/3287.jpg,135
3287,/train_images_rembg/3288.jpg,136
3288,/train_images_rembg/3289.jpg,136
3289,/train_images_rembg/3290.jpg,136
3290,/train_images_rembg/3291.jpg,136
3291,/train_images_rembg/3292.jpg,136
3292,/train_images_rembg/3293.jpg,136
3293,/train_images_rembg/3294.jpg,136
3294,/train_images_rembg/3295.jpg,136
3295,/train_images_rembg/3296.jpg,136
3296,/train_images_rembg/3297.jpg,136
3297,/train_images_rembg/3298.jpg,136
3298,/train_images_rembg/3299.jpg,136
3299,/train_images_rembg/3300.jpg,136
3300,/train_images_rembg/3301.jpg,136
3301,/train_images_rembg/3302.jpg,136
3302,/train_images_rembg/3303.jpg,137
3303,/train_images_rembg/3304.jpg,137
3304,/train_images_rembg/3305.jpg,137
3305,/train_images_rembg/3306.jpg,137
3306,/train_images_rembg/3307.jpg,137
3307,/train_images_rembg/3308.jpg,137
3308,/train_images_rembg/3309.jpg,137
3309,/train_images_rembg/3310.jpg,137
3310,/train_images_rembg/3311.jpg,137
3311,/train_images_rembg/3312.jpg,137
3312,/train_images_rembg/3313.jpg,137
3313,/train_images_rembg/3314.jpg,137
3314,/train_images_rembg/3315.jpg,137
3315,/train_images_rembg/3316.jpg,137
3316,/train_images_rembg/3317.jpg,137
3317,/train_images_rembg/3318.jpg,138
3318,/train_images_rembg/3319.jpg,138
3319,/train_images_rembg/3320.jpg,138
3320,/train_images_rembg/3321.jpg,138
3321,/train_images_rembg/3322.jpg,138
3322,/train_images_rembg/3323.jpg,138
3323,/train_images_rembg/3324.jpg,138
3324,/train_images_rembg/3325.jpg,138
3325,/train_images_rembg/3326.jpg,138
3326,/train_images_rembg/3327.jpg,138
3327,/train_images_rembg/3328.jpg,138
3328,/train_images_rembg/3329.jpg,138
3329,/train_images_rembg/3330.jpg,138
3330,/train_images_rembg/3331.jpg,138
3331,/train_images_rembg/3332.jpg,139
3332,/train_images_rembg/3333.jpg,139
3333,/train_images_rembg/3334.jpg,139
3334,/train_images_rembg/3335.jpg,139
3335,/train_images_rembg/3336.jpg,139
3336,/train_images_rembg/3337.jpg,139
3337,/train_images_rembg/3338.jpg,139
3338,/train_images_rembg/3339.jpg,139
3339,/train_images_rembg/3340.jpg,139
3340,/train_images_rembg/3341.jpg,139
3341,/train_images_rembg/3342.jpg,139
3342,/train_images_rembg/3343.jpg,139
3343,/train_images_rembg/3344.jpg,139
3344,/train_images_rembg/3345.jpg,139
3345,/train_images_rembg/3346.jpg,140
3346,/train_images_rembg/3347.jpg,140
3347,/train_images_rembg/3348.jpg,140
3348,/train_images_rembg/3349.jpg,140
3349,/train_images_rembg/3350.jpg,140
3350,/train_images_rembg/3351.jpg,140
3351,/train_images_rembg/3352.jpg,140
3352,/train_images_rembg/3353.jpg,140
3353,/train_images_rembg/3354.jpg,140
3354,/train_images_rembg/3355.jpg,140
3355,/train_images_rembg/3356.jpg,140
3356,/train_images_rembg/3357.jpg,140
3357,/train_images_rembg/3358.jpg,140
3358,/train_images_rembg/3359.jpg,140
3359,/train_images_rembg/3360.jpg,141
3360,/train_images_rembg/3361.jpg,141
3361,/train_images_rembg/3362.jpg,141
3362,/train_images_rembg/3363.jpg,141
3363,/train_images_rembg/3364.jpg,141
3364,/train_images_rembg/3365.jpg,141
3365,/train_images_rembg/3366.jpg,141
3366,/train_images_rembg/3367.jpg,141
3367,/train_images_rembg/3368.jpg,141
3368,/train_images_rembg/3369.jpg,141
3369,/train_images_rembg/3370.jpg,141
3370,/train_images_rembg/3371.jpg,141
3371,/train_images_rembg/3372.jpg,141
3372,/train_images_rembg/3373.jpg,141
3373,/train_images_rembg/3374.jpg,142
3374,/train_images_rembg/3375.jpg,142
3375,/train_images_rembg/3376.jpg,142
3376,/train_images_rembg/3377.jpg,142
3377,/train_images_rembg/3378.jpg,142
3378,/train_images_rembg/3379.jpg,142
3379,/train_images_rembg/3380.jpg,142
3380,/train_images_rembg/3381.jpg,142
3381,/train_images_rembg/3382.jpg,142
3382,/train_images_rembg/3383.jpg,142
3383,/train_images_rembg/3384.jpg,142
3384,/train_images_rembg/3385.jpg,142
3385,/train_images_rembg/3386.jpg,142
3386,/train_images_rembg/3387.jpg,142
3387,/train_images_rembg/3388.jpg,143
3388,/train_images_rembg/3389.jpg,143
3389,/train_images_rembg/3390.jpg,143
3390,/train_images_rembg/3391.jpg,143
3391,/train_images_rembg/3392.jpg,143
3392,/train_images_rembg/3393.jpg,143
3393,/train_images_rembg/3394.jpg,143
3394,/train_images_rembg/3395.jpg,143
3395,/train_images_rembg/3396.jpg,143
3396,/train_images_rembg/3397.jpg,143
3397,/train_images_rembg/3398.jpg,143
3398,/train_images_rembg/3399.jpg,143
3399,/train_images_rembg/3400.jpg,143
3400,/train_images_rembg/3401.jpg,143
3401,/train_images_rembg/3402.jpg,144
3402,/train_images_rembg/3403.jpg,144
3403,/train_images_rembg/3404.jpg,144
3404,/train_images_rembg/3405.jpg,144
3405,/train_images_rembg/3406.jpg,144
3406,/train_images_rembg/3407.jpg,144
3407,/train_images_rembg/3408.jpg,144
3408,/train_images_rembg/3409.jpg,144
3409,/train_images_rembg/3410.jpg,144
3410,/train_images_rembg/3411.jpg,144
3411,/train_images_rembg/3412.jpg,144
3412,/train_images_rembg/3413.jpg,144
3413,/train_images_rembg/3414.jpg,144
3414,/train_images_rembg/3415.jpg,145
3415,/train_images_rembg/3416.jpg,145
3416,/train_images_rembg/3417.jpg,145
3417,/train_images_rembg/3418.jpg,145
3418,/train_images_rembg/3419.jpg,145
3419,/train_images_rembg/3420.jpg,145
3420,/train_images_rembg/3421.jpg,145
3421,/train_images_rembg/3422.jpg,145
3422,/train_images_rembg/3423.jpg,145
3423,/train_images_rembg/3424.jpg,145
3424,/train_images_rembg/3425.jpg,145
3425,/train_images_rembg/3426.jpg,145
3426,/train_images_rembg/3427.jpg,145
3427,/train_images_rembg/3428.jpg,146
3428,/train_images_rembg/3429.jpg,146
3429,/train_images_rembg/3430.jpg,146
3430,/train_images_rembg/3431.jpg,146
3431,/train_images_rembg/3432.jpg,146
3432,/train_images_rembg/3433.jpg,146
3433,/train_images_rembg/3434.jpg,146
3434,/train_images_rembg/3435.jpg,146
3435,/train_images_rembg/3436.jpg,146
3436,/train_images_rembg/3437.jpg,146
3437,/train_images_rembg/3438.jpg,146
3438,/train_images_rembg/3439.jpg,146
3439,/train_images_rembg/3440.jpg,146
3440,/train_images_rembg/3441.jpg,147
3441,/train_images_rembg/3442.jpg,147
3442,/train_images_rembg/3443.jpg,147
3443,/train_images_rembg/3444.jpg,147
3444,/train_images_rembg/3445.jpg,147
3445,/train_images_rembg/3446.jpg,147
3446,/train_images_rembg/3447.jpg,147
3447,/train_images_rembg/3448.jpg,147
3448,/train_images_rembg/3449.jpg,147
3449,/train_images_rembg/3450.jpg,147
3450,/train_images_rembg/3451.jpg,147
3451,/train_images_rembg/3452.jpg,147
3452,/train_images_rembg/3453.jpg,147
3453,/train_images_rembg/3454.jpg,148
3454,/train_images_rembg/3455.jpg,148
3455,/train_images_rembg/3456.jpg,148
3456,/train_images_rembg/3457.jpg,148
3457,/train_images_rembg/3458.jpg,148
3458,/train_images_rembg/3459.jpg,148
3459,/train_images_rembg/3460.jpg,148
3460,/train_images_rembg/3461.jpg,148
3461,/train_images_rembg/3462.jpg,148
3462,/train_images_rembg/3463.jpg,148
3463,/train_images_rembg/3464.jpg,148
3464,/train_images_rembg/3465.jpg,148
3465,/train_images_rembg/3466.jpg,148
3466,/train_images_rembg/3467.jpg,149
3467,/train_images_rembg/3468.jpg,149
3468,/train_images_rembg/3469.jpg,149
3469,/train_images_rembg/3470.jpg,149
3470,/train_images_rembg/3471.jpg,149
3471,/train_images_rembg/3472.jpg,149
3472,/train_images_rembg/3473.jpg,149
3473,/train_images_rembg/3474.jpg,149
3474,/train_images_rembg/3475.jpg,149
3475,/train_images_rembg/3476.jpg,149
3476,/train_images_rembg/3477.jpg,149
3477,/train_images_rembg/3478.jpg,149
3478,/train_images_rembg/3479.jpg,149
3479,/train_images_rembg/3480.jpg,150
3480,/train_images_rembg/3481.jpg,150
3481,/train_images_rembg/3482.jpg,150
3482,/train_images_rembg/3483.jpg,150
3483,/train_images_rembg/3484.jpg,150
3484,/train_images_rembg/3485.jpg,150
3485,/train_images_rembg/3486.jpg,150
3486,/train_images_rembg/3487.jpg,150
3487,/train_images_rembg/3488.jpg,150
3488,/train_images_rembg/3489.jpg,150
3489,/train_images_rembg/3490.jpg,150
3490,/train_images_rembg/3491.jpg,150
3491,/train_images_rembg/3492.jpg,150
3492,/train_images_rembg/3493.jpg,151
3493,/train_images_rembg/3494.jpg,151
3494,/train_images_rembg/3495.jpg,151
3495,/train_images_rembg/3496.jpg,151
3496,/train_images_rembg/3497.jpg,151
3497,/train_images_rembg/3498.jpg,151
3498,/train_images_rembg/3499.jpg,151
3499,/train_images_rembg/3500.jpg,151
3500,/train_images_rembg/3501.jpg,151
3501,/train_images_rembg/3502.jpg,151
3502,/train_images_rembg/3503.jpg,151
3503,/train_images_rembg/3504.jpg,151
3504,/train_images_rembg/3505.jpg,152
3505,/train_images_rembg/3506.jpg,152
3506,/train_images_rembg/3507.jpg,152
3507,/train_images_rembg/3508.jpg,152
3508,/train_images_rembg/3509.jpg,152
3509,/train_images_rembg/3510.jpg,152
3510,/train_images_rembg/3511.jpg,152
3511,/train_images_rembg/3512.jpg,152
3512,/train_images_rembg/3513.jpg,152
3513,/train_images_rembg/3514.jpg,152
3514,/train_images_rembg/3515.jpg,152
3515,/train_images_rembg/3516.jpg,152
3516,/train_images_rembg/3517.jpg,153
3517,/train_images_rembg/3518.jpg,153
3518,/train_images_rembg/3519.jpg,153
3519,/train_images_rembg/3520.jpg,153
3520,/train_images_rembg/3521.jpg,153
3521,/train_images_rembg/3522.jpg,153
3522,/train_images_rembg/3523.jpg,153
3523,/train_images_rembg/3524.jpg,153
3524,/train_images_rembg/3525.jpg,153
3525,/train_images_rembg/3526.jpg,153
3526,/train_images_rembg/3527.jpg,153
3527,/train_images_rembg/3528.jpg,153
3528,/train_images_rembg/3529.jpg,154
3529,/train_images_rembg/3530.jpg,154
3530,/train_images_rembg/3531.jpg,154
3531,/train_images_rembg/3532.jpg,154
3532,/train_images_rembg/3533.jpg,154
3533,/train_images_rembg/3534.jpg,154
3534,/train_images_rembg/3535.jpg,154
3535,/train_images_rembg/3536.jpg,154
3536,/train_images_rembg/3537.jpg,154
3537,/train_images_rembg/3538.jpg,154
3538,/train_images_rembg/3539.jpg,154
3539,/train_images_rembg/3540.jpg,154
3540,/train_images_rembg/3541.jpg,155
3541,/train_images_rembg/3542.jpg,155
3542,/train_images_rembg/3543.jpg,155
3543,/train_images_rembg/3544.jpg,155
3544,/train_images_rembg/3545.jpg,155
3545,/train_images_rembg/3546.jpg,155
3546,/train_images_rembg/3547.jpg,155
3547,/train_images_rembg/3548.jpg,155
3548,/train_images_rembg/3549.jpg,155
3549,/train_images_rembg/3550.jpg,155
3550,/train_images_rembg/3551.jpg,155
3551,/train_images_rembg/3552.jpg,155
3552,/train_images_rembg/3553.jpg,156
3553,/train_images_rembg/3554.jpg,156
3554,/train_images_rembg/3555.jpg,156
3555,/train_images_rembg/3556.jpg,156
3556,/train_images_rembg/3557.jpg,156
3557,/train_images_rembg/3558.jpg,156
3558,/train_images_rembg/3559.jpg,156
3559,/train_images_rembg/3560.jpg,156
3560,/train_images_rembg/3561.jpg,156
3561,/train_images_rembg/3562.jpg,156
3562,/train_images_rembg/3563.jpg,156
3563,/train_images_rembg/3564.jpg,156
3564,/train_images_rembg/3565.jpg,157
3565,/train_images_rembg/3566.jpg,157
3566,/train_images_rembg/3567.jpg,157
3567,/train_images_rembg/3568.jpg,157
3568,/train_images_rembg/3569.jpg,157
3569,/train_images_rembg/3570.jpg,157
3570,/train_images_rembg/3571.jpg,157
3571,/train_images_rembg/3572.jpg,157
3572,/train_images_rembg/3573.jpg,157
3573,/train_images_rembg/3574.jpg,157
3574,/train_images_rembg/3575.jpg,157
3575,/train_images_rembg/3576.jpg,158
3576,/train_images_rembg/3577.jpg,158
3577,/train_images_rembg/3578.jpg,158
3578,/train_images_rembg/3579.jpg,158
3579,/train_images_rembg/3580.jpg,158
3580,/train_images_rembg/3581.jpg,158
3581,/train_images_rembg/3582.jpg,158
3582,/train_images_rembg/3583.jpg,158
3583,/train_images_rembg/3584.jpg,158
3584,/train_images_rembg/3585.jpg,158
3585,/train_images_rembg/3586.jpg,158
3586,/train_images_rembg/3587.jpg,159
3587,/train_images_rembg/3588.jpg,159
3588,/train_images_rembg/3589.jpg,159
3589,/train_images_rembg/3590.jpg,159
3590,/train_images_rembg/3591.jpg,159
3591,/train_images_rembg/3592.jpg,159
3592,/train_images_rembg/3593.jpg,159
3593,/train_images_rembg/3594.jpg,159
3594,/train_images_rembg/3595.jpg,159
3595,/train_images_rembg/3596.jpg,159
3596,/train_images_rembg/3597.jpg,159
3597,/train_images_rembg/3598.jpg,160
3598,/train_images_rembg/3599.jpg,160
3599,/train_images_rembg/3600.jpg,160
3600,/train_images_rembg/3601.jpg,160
3601,/train_images_rembg/3602.jpg,160
3602,/train_images_rembg/3603.jpg,160
3603,/train_images_rembg/3604.jpg,160
3604,/train_images_rembg/3605.jpg,160
3605,/train_images_rembg/3606.jpg,160
3606,/train_images_rembg/3607.jpg,160
3607,/train_images_rembg/3608.jpg,160
3608,/train_images_rembg/3609.jpg,161
3609,/train_images_rembg/3610.jpg,161
3610,/train_images_rembg/3611.jpg,161
3611,/train_images_rembg/3612.jpg,161
3612,/train_images_rembg/3613.jpg,161
3613,/train_images_rembg/3614.jpg,161
3614,/train_images_rembg/3615.jpg,161
3615,/train_images_rembg/3616.jpg,161
3616,/train_images_rembg/3617.jpg,161
3617,/train_images_rembg/3618.jpg,161
3618,/train_images_rembg/3619.jpg,161
3619,/train_images_rembg/3620.jpg,162
3620,/train_images_rembg/3621.jpg,162
3621,/train_images_rembg/3622.jpg,162
3622,/train_images_rembg/3623.jpg,162
3623,/train_images_rembg/3624.jpg,162
3624,/train_images_rembg/3625.jpg,162
3625,/train_images_rembg/3626.jpg,162
3626,/train_images_rembg/3627.jpg,162
3627,/train_images_rembg/3628.jpg,162
3628,/train_images_rembg/3629.jpg,162
3629,/train_images_rembg/3630.jpg,162
3630,/train_images_rembg/3631.jpg,163
3631,/train_images_rembg/3632.jpg,163
3632,/train_images_rembg/3633.jpg,163
3633,/train_images_rembg/3634.jpg,163
3634,/train_images_rembg/3635.jpg,163
3635,/train_images_rembg/3636.jpg,163
3636,/train_images_rembg/3637.jpg,163
3637,/train_images_rembg/3638.jpg,163
3638,/train_images_rembg/3639.jpg,163
3639,/train_images_rembg/3640.jpg,163
3640,/train_images_rembg/3641.jpg,163
3641,/train_images_rembg/3642.jpg,164
3642,/train_images_rembg/3643.jpg,164
3643,/train_images_rembg/3644.jpg,164
3644,/train_images_rembg/3645.jpg,164
3645,/train_images_rembg/3646.jpg,164
3646,/train_images_rembg/3647.jpg,164
3647,/train_images_rembg/3648.jpg,164
3648,/train_images_rembg/3649.jpg,164
3649,/train_images_rembg/3650.jpg,164
3650,/train_images_rembg/3651.jpg,164
3651,/train_images_rembg/3652.jpg,165
3652,/train_images_rembg/3653.jpg,165
3653,/train_images_rembg/3654.jpg,165
3654,/train_images_rembg/3655.jpg,165
3655,/train_images_rembg/3656.jpg,165
3656,/train_images_rembg/3657.jpg,165
3657,/train_images_rembg/3658.jpg,165
3658,/train_images_rembg/3659.jpg,165
3659,/train_images_rembg/3660.jpg,165
3660,/train_images_rembg/3661.jpg,165
3661,/train_images_rembg/3662.jpg,166
3662,/train_images_rembg/3663.jpg,166
3663,/train_images_rembg/3664.jpg,166
3664,/train_images_rembg/3665.jpg,166
3665,/train_images_rembg/3666.jpg,166
3666,/train_images_rembg/3667.jpg,166
3667,/train_images_rembg/3668.jpg,166
3668,/train_images_rembg/3669.jpg,166
3669,/train_images_rembg/3670.jpg,166
3670,/train_images_rembg/3671.jpg,166
3671,/train_images_rembg/3672.jpg,167
3672,/train_images_rembg/3673.jpg,167
3673,/train_images_rembg/3674.jpg,167
3674,/train_images_rembg/3675.jpg,167
3675,/train_images_rembg/3676.jpg,167
3676,/train_images_rembg/3677.jpg,167
3677,/train_images_rembg/3678.jpg,167
3678,/train_images_rembg/3679.jpg,167
3679,/train_images_rembg/3680.jpg,167
3680,/train_images_rembg/3681.jpg,167
3681,/train_images_rembg/3682.jpg,168
3682,/train_images_rembg/3683.jpg,168
3683,/train_images_rembg/3684.jpg,168
3684,/train_images_rembg/3685.jpg,168
3685,/train_images_rembg/3686.jpg,168
3686,/train_images_rembg/3687.jpg,168
3687,/train_images_rembg/3688.jpg,168
3688,/train_images_rembg/3689.jpg,168
3689,/train_images_rembg/3690.jpg,168
3690,/train_images_rembg/3691.jpg,168
3691,/train_images_rembg/3692.jpg,169
3692,/train_images_rembg/3693.jpg,169
3693,/train_images_rembg/3694.jpg,169
3694,/train_images_rembg/3695.jpg,169
3695,/train_images_rembg/3696.jpg,169
3696,/train_images_rembg/3697.jpg,169
3697,/train_images_rembg/3698.jpg,169
3698,/train_images_rembg/3699.jpg,169
3699,/train_images_rembg/3700.jpg,169
3700,/train_images_rembg/3701.jpg,169
3701,/train_images_rembg/3702.jpg,170
3702,/train_images_rembg/3703.jpg,170
3703,/train_images_rembg/3704.jpg,170
3704,/train_images_rembg/3705.jpg,170
3705,/train_images_rembg/3706.jpg,170
3706,/train_images_rembg/3707.jpg,170
3707,/train_images_rembg/3708.jpg,170
3708,/train_images_rembg/3709.jpg,170
3709,/train_images_rembg/3710.jpg,170
3710,/train_images_rembg/3711.jpg,170
3711,/train_images_rembg/3712.jpg,171
3712,/train_images_rembg/3713.jpg,171
3713,/train_images_rembg/3714.jpg,171
3714,/train_images_rembg/3715.jpg,171
3715,/train_images_rembg/3716.jpg,171
3716,/train_images_rembg/3717.jpg,171
3717,/train_images_rembg/3718.jpg,171
3718,/train_images_rembg/3719.jpg,171
3719,/train_images_rembg/3720.jpg,171
3720,/train_images_rembg/3721.jpg,172
3721,/train_images_rembg/3722.jpg,172
3722,/train_images_rembg/3723.jpg,172
3723,/train_images_rembg/3724.jpg,172
3724,/train_images_rembg/3725.jpg,172
3725,/train_images_rembg/3726.jpg,172
3726,/train_images_rembg/3727.jpg,172
3727,/train_images_rembg/3728.jpg,172
3728,/train_images_rembg/3729.jpg,172
3729,/train_images_rembg/3730.jpg,173
3730,/train_images_rembg/3731.jpg,173
3731,/train_images_rembg/3732.jpg,173
3732,/train_images_rembg/3733.jpg,173
3733,/train_images_rembg/3734.jpg,173
3734,/train_images_rembg/3735.jpg,173
3735,/train_images_rembg/3736.jpg,173
3736,/train_images_rembg/3737.jpg,173
3737,/train_images_rembg/3738.jpg,173
3738,/train_images_rembg/3739.jpg,174
3739,/train_images_rembg/3740.jpg,174
3740,/train_images_rembg/3741.jpg,174
3741,/train_images_rembg/3742.jpg,174
3742,/train_images_rembg/3743.jpg,174
3743,/train_images_rembg/3744.jpg,174
3744,/train_images_rembg/3745.jpg,174
3745,/train_images_rembg/3746.jpg,174
3746,/train_images_rembg/3747.jpg,174
3747,/train_images_rembg/3748.jpg,175
3748,/train_images_rembg/3749.jpg,175
3749,/train_images_rembg/3750.jpg,175
3750,/train_images_rembg/3751.jpg,175
3751,/train_images_rembg/3752.jpg,175
3752,/train_images_rembg/3753.jpg,175
3753,/train_images_rembg/3754.jpg,175
3754,/train_images_rembg/3755.jpg,175
3755,/train_images_rembg/3756.jpg,175
3756,/train_images_rembg/3757.jpg,176
3757,/train_images_rembg/3758.jpg,176
3758,/train_images_rembg/3759.jpg,176
3759,/train_images_rembg/3760.jpg,176
3760,/train_images_rembg/3761.jpg,176
3761,/train_images_rembg/3762.jpg,176
3762,/train_images_rembg/3763.jpg,176
3763,/train_images_rembg/3764.jpg,176
3764,/train_images_rembg/3765.jpg,176
3765,/train_images_rembg/3766.jpg,177
3766,/train_images_rembg/3767.jpg,177
3767,/train_images_rembg/3768.jpg,177
3768,/train_images_rembg/3769.jpg,177
3769,/train_images_rembg/3770.jpg,177
3770,/train_images_rembg/3771.jpg,177
3771,/train_images_rembg/3772.jpg,177
3772,/train_images_rembg/3773.jpg,177
3773,/train_images_rembg/3774.jpg,178
3774,/train_images_rembg/3775.jpg,178
3775,/train_images_rembg/3776.jpg,178
3776,/train_images_rembg/3777.jpg,178
3777,/train_images_rembg/3778.jpg,178
3778,/train_images_rembg/3779.jpg,178
3779,/train_images_rembg/3780.jpg,178
3780,/train_images_rembg/3781.jpg,178
3781,/train_images_rembg/3782.jpg,179
3782,/train_images_rembg/3783.jpg,179
3783,/train_images_rembg/3784.jpg,179
3784,/train_images_rembg/3785.jpg,179
3785,/train_images_rembg/3786.jpg,179
3786,/train_images_rembg/3787.jpg,179
3787,/train_images_rembg/3788.jpg,179
3788,/train_images_rembg/3789.jpg,179
3789,/train_images_rembg/3790.jpg,180
3790,/train_images_rembg/3791.jpg,180
3791,/train_images_rembg/3792.jpg,180
3792,/train_images_rembg/3793.jpg,180
3793,/train_images_rembg/3794.jpg,180
3794,/train_images_rembg/3795.jpg,180
3795,/train_images_rembg/3796.jpg,180
3796,/train_images_rembg/3797.jpg,180
3797,/train_images_rembg/3798.jpg,181
3798,/train_images_rembg/3799.jpg,181
3799,/train_images_rembg/3800.jpg,181
3800,/train_images_rembg/3801.jpg,181
3801,/train_images_rembg/3802.jpg,181
3802,/train_images_rembg/3803.jpg,181
3803,/train_images_rembg/3804.jpg,181
3804,/train_images_rembg/3805.jpg,181
3805,/train_images_rembg/3806.jpg,182
3806,/train_images_rembg/3807.jpg,182
3807,/train_images_rembg/3808.jpg,182
3808,/train_images_rembg/3809.jpg,182
3809,/train_images_rembg/3810.jpg,182
3810,/train_images_rembg/3811.jpg,182
3811,/train_images_rembg/3812.jpg,182
3812,/train_images_rembg/3813.jpg,182
3813,/train_images_rembg/3814.jpg,183
3814,/train_images_rembg/3815.jpg,183
3815,/train_images_rembg/3816.jpg,183
3816,/train_images_rembg/3817.jpg,183
3817,/train_images_rembg/3818.jpg,183
3818,/train_images_rembg/3819.jpg,183
3819,/train_images_rembg/3820.jpg,183
3820,/train_images_rembg/3821.jpg,183
3821,/train_images_rembg/3822.jpg,184
3822,/train_images_rembg/3823.jpg,184
3823,/train_images_rembg/3824.jpg,184
3824,/train_images_rembg/3825.jpg,184
3825,/train_images_rembg/3826.jpg,184
3826,/train_images_rembg/3827.jpg,184
3827,/train_images_rembg/3828.jpg,184
3828,/train_images_rembg/3829.jpg,185
3829,/train_images_rembg/3830.jpg,185
3830,/train_images_rembg/3831.jpg,185
3831,/train_images_rembg/3832.jpg,185
3832,/train_images_rembg/3833.jpg,185
3833,/train_images_rembg/3834.jpg,185
3834,/train_images_rembg/3835.jpg,185
3835,/train_images_rembg/3836.jpg,186
3836,/train_images_rembg/3837.jpg,186
3837,/train_images_rembg/3838.jpg,186
3838,/train_images_rembg/3839.jpg,186
3839,/train_images_rembg/3840.jpg,186
3840,/train_images_rembg/3841.jpg,186
3841,/train_images_rembg/3842.jpg,186
3842,/train_images_rembg/3843.jpg,187
3843,/train_images_rembg/3844.jpg,187
3844,/train_images_rembg/3845.jpg,187
3845,/train_images_rembg/3846.jpg,187
3846,/train_images_rembg/3847.jpg,187
3847,/train_images_rembg/3848.jpg,187
3848,/train_images_rembg/3849.jpg,187
3849,/train_images_rembg/3850.jpg,188
3850,/train_images_rembg/3851.jpg,188
3851,/train_images_rembg/3852.jpg,188
3852,/train_images_rembg/3853.jpg,188
3853,/train_images_rembg/3854.jpg,188
3854,/train_images_rembg/3855.jpg,188
3855,/train_images_rembg/3856.jpg,188
3856,/train_images_rembg/3857.jpg,189
3857,/train_images_rembg/3858.jpg,189
3858,/train_images_rembg/3859.jpg,189
3859,/train_images_rembg/3860.jpg,189
3860,/train_images_rembg/3861.jpg,189
3861,/train_images_rembg/3862.jpg,189
3862,/train_images_rembg/3863.jpg,189
3863,/train_images_rembg/3864.jpg,190
3864,/train_images_rembg/3865.jpg,190
3865,/train_images_rembg/3866.jpg,190
3866,/train_images_rembg/3867.jpg,190
3867,/train_images_rembg/3868.jpg,190
3868,/train_images_rembg/3869.jpg,190
3869,/train_images_rembg/3870.jpg,190
3870,/train_images_rembg/3871.jpg,191
3871,/train_images_rembg/3872.jpg,191
3872,/train_images_rembg/3873.jpg,191
3873,/train_images_rembg/3874.jpg,191
3874,/train_images_rembg/3875.jpg,191
3875,/train_images_rembg/3876.jpg,191
3876,/train_images_rembg/3877.jpg,192
3877,/train_images_rembg/3878.jpg,192
3878,/train_images_rembg/3879.jpg,192
3879,/train_images_rembg/3880.jpg,192
3880,/train_images_rembg/3881.jpg,192
3881,/train_images_rembg/3882.jpg,192
3882,/train_images_rembg/3883.jpg,193
3883,/train_images_rembg/3884.jpg,193
3884,/train_images_rembg/3885.jpg,193
3885,/train_images_rembg/3886.jpg,193
3886,/train_images_rembg/3887.jpg,193
3887,/train_images_rembg/3888.jpg,193
3888,/train_images_rembg/3889.jpg,194
3889,/train_images_rembg/3890.jpg,194
3890,/train_images_rembg/3891.jpg,194
3891,/train_images_rembg/3892.jpg,194
3892,/train_images_rembg/3893.jpg,194
3893,/train_images_rembg/3894.jpg,194
3894,/train_images_rembg/3895.jpg,195
3895,/train_images_rembg/3896.jpg,195
3896,/train_images_rembg/3897.jpg,195
3897,/train_images_rembg/3898.jpg,195
3898,/train_images_rembg/3899.jpg,195
3899,/train_images_rembg/3900.jpg,195
3900,/train_images_rembg/3901.jpg,196
3901,/train_images_rembg/3902.jpg,196
3902,/train_images_rembg/3903.jpg,196
3903,/train_images_rembg/3904.jpg,196
3904,/train_images_rembg/3905.jpg,196
3905,/train_images_rembg/3906.jpg,196
3906,/train_images_rembg/3907.jpg,197
3907,/train_images_rembg/3908.jpg,197
3908,/train_images_rembg/3909.jpg,197
3909,/train_images_rembg/3910.jpg,197
3910,/train_images_rembg/3911.jpg,197
3911,/train_images_rembg/3912.jpg,198
3912,/train_images_rembg/3913.jpg,198
3913,/train_images_rembg/3914.jpg,198
3914,/train_images_rembg/3915.jpg,198
3915,/train_images_rembg/3916.jpg,198
3916,/train_images_rembg/3917.jpg,199
3917,/train_images_rembg/3918.jpg,199
3918,/train_images_rembg/3919.jpg,199
3919,/train_images_rembg/3920.jpg,199
3920,/train_images_rembg/3921.jpg,199
3921,/train_images_rembg/3922.jpg,200
3922,/train_images_rembg/3923.jpg,200
3923,/train_images_rembg/3924.jpg,200
3924,/train_images_rembg/3925.jpg,200
3925,/train_images_rembg/3926.jpg,200
